{
    "fields": [
        {
            "type": "number",
            "name": "id",
            "internal": false,
            "key": true,
            "oid": "e45e2d17-a097-4ecf-b8e9-bb44ce2a8fec",
            "required": true,
            "unique": true,
            "displayLabel": "Id"
        },
        {
            "type": "datetime",
            "name": "creationDate",
            "internal": false,
            "oid": "c55a32cb-308d-4dbf-b3ce-ff4da544daa1",
            "displayLabel": "Created",
            "historyType": "timeCreated"
        },
        {
            "type": "datetime",
            "name": "lastUpdateDate",
            "internal": false,
            "oid": "9652e2a7-ab8e-4253-8d48-6ff389fd7c64",
            "displayLabel": "Last Updated",
            "historyType": "timeUpdated"
        },
        {
            "type": "string",
            "name": "createdBy",
            "internal": false,
            "oid": "21e1af07-3cb5-4ffd-be8e-54c545d4a21a",
            "displayLabel": "Created By",
            "historyType": "createdBy"
        },
        {
            "type": "string",
            "name": "lastUpdatedBy",
            "internal": false,
            "oid": "b28abf86-f11b-4a64-bbcd-425ce9004a4c",
            "displayLabel": "Last Updated By",
            "historyType": "updatedBy"
        },
        {
            "type": "number",
            "name": "versionNumber",
            "internal": false,
            "oid": "12426c19-03f6-4d54-90c2-392578f0cf4d",
            "displayLabel": "Version Number",
            "historyType": "versionNumber"
        },
        {
            "type": "string",
            "name": "item",
            "oid": "84c3fe2e-7add-47d0-8b83-961bc68b1e28",
            "displayLabel": "Item"
        },
        {
            "type": "string",
            "name": "itemStatus",
            "oid": "778a43c9-5f8a-4ef5-b4cf-ccc64bac0216",
            "displayLabel": "Item Status"
        },
        {
            "type": "string",
            "name": "supplier",
            "oid": "3f259ea7-79a9-432d-9262-44e3fecf1231",
            "displayLabel": "Supplier"
        },
        {
            "type": "date",
            "name": "availabilityDate",
            "oid": "c64828dd-aac6-4bb9-bb89-8eb91beb308d",
            "displayLabel": "Availability Date"
        },
        {
            "type": "number",
            "name": "stockOnHand",
            "oid": "0985d0cd-ee24-4c3b-bd19-71486c7aae45",
            "displayLabel": "Stock on Hand"
        }
    ],
    "name": "Inventory",
    "oid": "2d197d35-cd29-4c27-986b-07be437f1838",
    "security": {
        "type": "local",
        "acl": [
            {
                "roleId": "approle.anonymous.user",
                "privileges": [
                    {
                        "name": "view",
                        "value": true
                    },
                    {
                        "name": "create",
                        "value": false
                    },
                    {
                        "name": "update",
                        "value": false
                    },
                    {
                        "name": "delete",
                        "value": false
                    }
                ]
            },
            {
                "roleId": "approle.authenticated.user",
                "privileges": [
                    {
                        "name": "view",
                        "value": true
                    },
                    {
                        "name": "create",
                        "value": true
                    },
                    {
                        "name": "update",
                        "value": true
                    },
                    {
                        "name": "delete",
                        "value": true
                    }
                ]
            }
        ]
    },
    "displayLabel": "Inventory"
}