{
  "title": "Edit Inventory",
  "description": "Updates single Inventory record",
  "variables": {
    "fetchedInventory": {
      "type": "getInventoryResponse"
    },
    "inventory": {
      "type": "getInventoryResponse"
    },
    "inventoryETag": {
      "type": "string"
    },
    "inventoryId": {
      "type": "string",
      "required": true,
      "input": "fromUrl"
    },
    "saveInventoryChainInProgress": {
      "type": "boolean",
      "defaultValue": false
    }
  },
  "metadata": {},
  "types": {
    "@decorators.getInventoryResponse": {
      "endpoint": "get_Inventory",
      "service": "businessObjects",
      "path": "response"
    },
    "getInventoryResponse": {
      "availabilityDate": "string",
      "item": "string",
      "itemStatus": "string",
      "stockOnHand": "number",
      "supplier": "string"
    }
  },
  "eventListeners": {
    "backButtonClicked": {
      "chains": [
        {
          "chain": "goBackChain"
        }
      ]
    },
    "saveButtonClicked": {
      "chains": [
        {
          "chain": "saveInventoryChain"
        }
      ]
    },
    "vbEnter": {
      "chains": [
        {
          "chain": "loadInventoryChain"
        }
      ]
    }
  },
  "imports": {
    "components": {
      "oj-button": {
        "path": "ojs/ojbutton"
      },
      "oj-form-layout": {
        "path": "ojs/ojformlayout"
      },
      "oj-input-date": {
        "path": "ojs/ojdatetimepicker"
      },
      "oj-input-number": {
        "path": "ojs/ojinputnumber"
      },
      "oj-input-text": {
        "path": "ojs/ojinputtext"
      },
      "oj-toolbar": {
        "path": "ojs/ojtoolbar"
      },
      "oj-validation-group": {
        "path": "ojs/ojvalidationgroup"
      }
    }
  }
}
