{
  "title": "",
  "description": "",
  "variables": {
    "backgroundColor": {
      "type": "string",
      "defaultValue": "dark-ocean"
    },
    "illustrationBackground": {
      "type": "string",
      "defaultValue": "https://static.oracle.com/cdn/fnd/gallery/2307.0.2/images/illust-welcome-banner-bg-01.png"
    },
    "illustrationForeground": {
      "type": "string",
      "defaultValue": "https://static.oracle.com/cdn/fnd/gallery/2307.0.2/images/illust-welcome-banner-fg-01.png"
    },
    "imageStretch": {
      "type": "string",
      "defaultValue": "none"
    },
    "inventoryListSDP": {
      "type": "vb/ServiceDataProvider",
      "defaultValue": {
        "endpoint": "businessObjects/getall_Inventory",
        "keyAttributes": "id",
        "itemsPath": "items",
        "responseType": "getallInventoryResponse"
      }
    },
    "mobileImage": {
      "type": "string",
      "defaultValue": "on"
    },
    "oj_table_1896815765_1SelectedId": {
      "type": "string",
      "defaultValue": ""
    }
  },
  "metadata": {},
  "types": {
    "@decorators.getallInventoryResponse": {
      "endpoint": "getall_Inventory",
      "service": "businessObjects",
      "path": "response"
    },
    "getallInventoryResponse": {
      "items": [
        {
          "availabilityDate": "string",
          "id": "number",
          "item": "string",
          "itemStatus": "string",
          "stockOnHand": "number",
          "supplier": "string"
        }
      ]
    }
  },
  "eventListeners": {
    "createInventoryButtonClicked": {
      "chains": [
        {
          "chain": "navigateToCreateInventoryChain"
        }
      ]
    },
    "editInventoryButtonClicked": {
      "chains": [
        {
          "chain": "navigateToEditInventoryChain",
          "parameters": {
            "inventoryId": "[[ $variables.oj_table_1896815765_1SelectedId ]]"
          }
        }
      ]
    },
    "oj_table_1896815765_1SelectionChanged": {
      "chains": [
        {
          "chain": "ojTable18968157651ChangeSelectionChain",
          "parameters": {
            "inventoryId": "[[ $event.detail.value.key || '' ]]"
          }
        }
      ]
    }
  },
  "imports": {
    "components": {
      "oj-button": {
        "path": "ojs/ojbutton"
      },
      "oj-sp-welcome-page": {
        "path": "oj-sp/welcome-page/loader"
      },
      "oj-table": {
        "path": "ojs/ojtable"
      },
      "oj-toolbar": {
        "path": "ojs/ojtoolbar"
      }
    }
  }
}
