{
  "title": "Create Inventory",
  "description": "Creates new Inventory",
  "variables": {
    "createInventoryChainInProgress": {
      "type": "boolean",
      "defaultValue": false
    },
    "inventory": {
      "type": "createInventoryRequest"
    }
  },
  "metadata": {},
  "types": {
    "@decorators.createInventoryRequest": {
      "endpoint": "create_Inventory",
      "service": "businessObjects",
      "path": "request"
    },
    "createInventoryRequest": {
      "availabilityDate": "string",
      "item": "string",
      "itemStatus": "string",
      "stockOnHand": "number",
      "supplier": "string"
    }
  },
  "eventListeners": {
    "backButtonClicked": {
      "chains": [
        {
          "chain": "goBackChain"
        }
      ]
    },
    "saveButtonClicked": {
      "chains": [
        {
          "chain": "createInventoryChain"
        }
      ]
    }
  },
  "imports": {
    "components": {
      "oj-button": {
        "path": "ojs/ojbutton"
      },
      "oj-form-layout": {
        "path": "ojs/ojformlayout"
      },
      "oj-input-date": {
        "path": "ojs/ojdatetimepicker"
      },
      "oj-input-number": {
        "path": "ojs/ojinputnumber"
      },
      "oj-input-text": {
        "path": "ojs/ojinputtext"
      },
      "oj-toolbar": {
        "path": "ojs/ojtoolbar"
      },
      "oj-validation-group": {
        "path": "ojs/ojvalidationgroup"
      }
    }
  }
}
