{
  "contentType" : "application/json",
  "eventTypeCatalogName" : "oracledigitalassistant",
  "extensions" : [ {
    "name" : "userid",
    "type" : "String"
  }, {
    "name" : "usertenancy",
    "type" : "String"
  }, {
    "name" : "tenancy",
    "type" : "String"
  }, {
    "name" : "version",
    "type" : "String"
  }, {
    "name" : "status",
    "type" : "String"
  }, {
    "name" : "channelname",
    "type" : "String"
  } ],
  "schemaRegistry" : {
    "authority" : null,
    "description" : null,
    "eventDataSchema" : {
      "$schema" : "http://json-schema.org/draft-07/schema#",
      "description" : "Generate Email",
      "title" : "Generate Email",
      "type" : "object",
      "properties" : { }
    },
    "format" : null,
    "name" : "com.oracle.demo.generateemail1707843485291",
    "version" : 1
  },
  "specVersion" : "1.0",
  "subject" : "com.oracle.demo.generateemail",
  "type" : "com.oracle.demo.generateemail",
  "version" : "1.0"
}