{
  "displayName" : "Default Test Suite",
  "name" : "DefaultTestSuite",
  "testCases" : [ {
    "channelType" : "websdk",
    "conversation" : [ {
      "messagePayload" : {
        "type" : "text",
        "text" : "create an email thanking the Elemental Design team for their hard work",
        "channelExtensions" : {
          "test" : {
            "timezoneOffset" : 25200000
          }
        }
      },
      "source" : "user"
    }, {
      "messagePayload" : {
        "type" : "text",
        "text" : "Hi everyone,\n\nThank you for your hard work in getting Elemental Design SO-12345 to the Proposal/Price Quote sales stage! This opportunity has a lot of great potential, and we cannot wait to see the positive impact of your work once it has been finalized. \n\nThis opportunity is set to close on 15 August 2023, and there are a few critical next steps that need to be taken to ensure its success. These include sending product samples and scheduling a product demo within the next two weeks and a meeting to negotiate pricing and terms by 25 June. As a team, work hard to meet these deadlines, and know that your determination and dedication will pay off in the long run.\n\nAs a reminder, Elemental Design operates in the sports equipment and apparel industry. Their company mission is to empower athletes and sports enthusiasts with superior products. As such, quality materials and competitive pricing are essential aspects of closing this deal.\n\nThank you all again for your hard work!\n\nSincerely,\nJohn Smith, Regional Sales Director\n\n---\n\nRemember, if this message was negative, it would be brief and not mention activities. If the message was positive or neutral, the products section would be highlighted in the opening paragraph, and the team would be motivated to complete upcoming activities.",
        "footerForm" : {
          "formRows" : [ {
            "columns" : [ {
              "fields" : [ {
                "displayType" : "text",
                "label" : "Response generated using artificial intelligence.",
                "alignment" : "left",
                "labelFontSize" : "small",
                "labelFontWeight" : "light"
              } ],
              "verticalAlignment" : "bottom",
              "width" : "stretch"
            } ]
          }, {
            "id" : "system_feedbackRow",
            "columns" : [ {
              "fields" : [ {
                "displayType" : "action",
                "alignment" : "right",
                "action" : {
                  "type" : "postback",
                  "imageUrl" : "https://static.oracle.com/cdn/fnd/gallery/2401.0.3/images/ico-thumbs-up.svg",
                  "postback" : {
                    "stateInstanceId" : "16c740cb-c808-4d77-b620-4a910f14d8a3",
                    "conversationId" : "2f03d850-2dba-4d66-adc8-71d27748b52e",
                    "rating" : "positive",
                    "system.botId" : "${SYSTEM_BOT_ID}",
                    "system.flow" : "GenerateEmail",
                    "feedbackType" : "llm",
                    "system.state" : "GenerateEmail"
                  },
                  "displayType" : "icon"
                },
                "marginTop" : "none"
              } ],
              "width" : "auto"
            }, {
              "fields" : [ {
                "displayType" : "action",
                "action" : {
                  "type" : "postback",
                  "imageUrl" : "https://static.oracle.com/cdn/fnd/gallery/2401.0.3/images/ico-thumbs-down.svg",
                  "postback" : {
                    "stateInstanceId" : "16c740cb-c808-4d77-b620-4a910f14d8a3",
                    "conversationId" : "2f03d850-2dba-4d66-adc8-71d27748b52e",
                    "rating" : "negative",
                    "system.botId" : "${SYSTEM_BOT_ID}",
                    "system.flow" : "GenerateEmail",
                    "feedbackType" : "llm",
                    "system.state" : "GenerateEmail"
                  },
                  "displayType" : "icon"
                },
                "marginTop" : "none"
              } ]
            } ]
          } ]
        },
        "llmGenerated" : true
      },
      "source" : "bot"
    } ],
    "displayName" : "test1",
    "enabled" : true,
    "inputParameters" : { },
    "name" : "test1",
    "platformVersion" : "1.0",
    "trackingId" : "D008B56E-ED9E-4927-AA48-C00DDDAD11BC"
  } ],
  "trackingId" : "CAD85B6C-B31D-391C-8D55-7DD438F1507E"
}