{
  "botPrompts" : [ ],
  "description" : "List of characteristics that the customer looks for in a vendor",
  "enumValues" : [ {
    "type" : "StaticEntityValue",
    "canonicalName" : "High-quality Product",
    "extensionType" : null,
    "nativeLanguageTag" : "en",
    "primaryLanguageCanonicalName" : "High-quality Product",
    "scopeValue" : null,
    "synonyms" : null,
    "trackingId" : "74468B0B-2281-4492-A899-C79EF7F70F5A"
  }, {
    "type" : "StaticEntityValue",
    "canonicalName" : "Durability",
    "extensionType" : null,
    "nativeLanguageTag" : "en",
    "primaryLanguageCanonicalName" : "Durability",
    "scopeValue" : null,
    "synonyms" : null,
    "trackingId" : "1A3B4773-7804-4909-B40E-AE3CEE1D98EC"
  }, {
    "type" : "StaticEntityValue",
    "canonicalName" : "High performance",
    "extensionType" : null,
    "nativeLanguageTag" : "en",
    "primaryLanguageCanonicalName" : "High performance",
    "scopeValue" : null,
    "synonyms" : null,
    "trackingId" : "B3F10E53-0DED-4198-8BF5-B5260A97E99E"
  }, {
    "type" : "StaticEntityValue",
    "canonicalName" : "Competitive pricing",
    "extensionType" : null,
    "nativeLanguageTag" : "en",
    "primaryLanguageCanonicalName" : "Competitive pricing",
    "scopeValue" : null,
    "synonyms" : null,
    "trackingId" : "CF9CE12A-2147-48D5-870A-31E5F87ACF81"
  }, {
    "type" : "StaticEntityValue",
    "canonicalName" : "Responsive support",
    "extensionType" : null,
    "nativeLanguageTag" : "en",
    "primaryLanguageCanonicalName" : "Responsive support",
    "scopeValue" : null,
    "synonyms" : null,
    "trackingId" : "D516EBA5-D7CD-4412-B546-45A2B5C116A3"
  }, {
    "type" : "StaticEntityValue",
    "canonicalName" : "Strong after-sales service",
    "extensionType" : null,
    "nativeLanguageTag" : "en",
    "primaryLanguageCanonicalName" : "Strong after-sales service",
    "scopeValue" : null,
    "synonyms" : null,
    "trackingId" : "822A0DAB-B078-4C76-BC46-3CC58577ACB5"
  }, {
    "type" : "StaticEntityValue",
    "canonicalName" : "Customizable design",
    "extensionType" : null,
    "nativeLanguageTag" : "en",
    "primaryLanguageCanonicalName" : "Customizable design",
    "scopeValue" : null,
    "synonyms" : null,
    "trackingId" : "BF9A1389-F700-42BB-ADC5-C3BB1BB2E692"
  } ],
  "fuzzyMatch" : false,
  "multiValue" : false,
  "name" : "CustomerRequirement",
  "promptForDisambiguation" : true,
  "trackingId" : "037C38CA-8E38-4CB3-9D97-BEDF16611597",
  "type" : "ENUMVALUES",
  "validationRules" : [ ]
}