{
  "botPrompts" : [ ],
  "enumValues" : [ {
    "type" : "StaticEntityValue",
    "canonicalName" : "American Sporting Goods",
    "extensionType" : null,
    "nativeLanguageTag" : "en",
    "primaryLanguageCanonicalName" : "American Sporting Goods",
    "scopeValue" : null,
    "synonyms" : [ "Connor Adams" ],
    "trackingId" : "F84D536E-8503-45D4-933C-27DE6030B95B"
  }, {
    "type" : "StaticEntityValue",
    "canonicalName" : "Elemental Design",
    "extensionType" : null,
    "nativeLanguageTag" : "en",
    "primaryLanguageCanonicalName" : "Elemental Design",
    "scopeValue" : null,
    "synonyms" : null,
    "trackingId" : "A2BAE2DE-D6D9-40FC-B1AB-CA6131110F85"
  }, {
    "type" : "StaticEntityValue",
    "canonicalName" : "Wilson Sporting Goods",
    "extensionType" : null,
    "nativeLanguageTag" : "en",
    "primaryLanguageCanonicalName" : "Wilson Sporting Goods",
    "scopeValue" : null,
    "synonyms" : null,
    "trackingId" : "C8CA7B73-2C47-42CA-A430-B6B689062985"
  } ],
  "fuzzyMatch" : false,
  "multiValue" : false,
  "name" : "Opportunity",
  "promptForDisambiguation" : true,
  "trackingId" : "5A506C70-74B2-4CB8-86B6-C70595383EEE",
  "type" : "ENUMVALUES",
  "validationRules" : [ ]
}