{
  "autoCompleteData" : [ ],
  "enabled" : true,
  "exampleData" : [ {
    "contributor" : null,
    "crowdJobId" : null,
    "detectedLanguage" : null,
    "developerId" : null,
    "developerTag" : null,
    "exampleEntities" : [ ],
    "nativeLanguageTag" : "en",
    "sentence" : "Hola",
    "trackingId" : "54132CE1-57D2-47B7-9D67-8A01BA43EB64",
    "translated" : null,
    "translatedBy" : null,
    "translatedLanguage" : null
  }, {
    "contributor" : null,
    "crowdJobId" : null,
    "detectedLanguage" : null,
    "developerId" : null,
    "developerTag" : null,
    "exampleEntities" : [ ],
    "nativeLanguageTag" : "en",
    "sentence" : "hello",
    "trackingId" : "2850F7A2-907D-4278-8F6E-83F876695137",
    "translated" : null,
    "translatedBy" : null,
    "translatedLanguage" : null
  }, {
    "contributor" : null,
    "crowdJobId" : null,
    "detectedLanguage" : null,
    "developerId" : null,
    "developerTag" : null,
    "exampleEntities" : [ ],
    "nativeLanguageTag" : "en",
    "sentence" : "hi",
    "trackingId" : "F4258517-D947-45A0-9743-60C25BB7B712",
    "translated" : null,
    "translatedBy" : null,
    "translatedLanguage" : null
  }, {
    "contributor" : null,
    "crowdJobId" : null,
    "detectedLanguage" : null,
    "developerId" : null,
    "developerTag" : null,
    "exampleEntities" : [ ],
    "nativeLanguageTag" : "en",
    "sentence" : "namasthe",
    "trackingId" : "8CFFCD0B-8CF0-476F-AF03-3549D04B328F",
    "translated" : null,
    "translatedBy" : null,
    "translatedLanguage" : null
  }, {
    "contributor" : null,
    "crowdJobId" : null,
    "detectedLanguage" : null,
    "developerId" : null,
    "developerTag" : null,
    "exampleEntities" : [ ],
    "nativeLanguageTag" : "en",
    "sentence" : "vanakkam",
    "trackingId" : "89614E8D-8A08-4312-8F58-148DD1C0B731",
    "translated" : null,
    "translatedBy" : null,
    "translatedLanguage" : null
  } ],
  "intentParameters" : [ ],
  "name" : "greetings",
  "trackingId" : "F33542F8-22A1-4B25-8B74-86763D735CCE",
  "type" : "NLPIntent"
}