timestamp,signal_61,signal_62,signal_66,signal_70
2019-01-01T00:00:04Z,10.6231,108.6427,693.7724,608.17
2019-01-01T00:01:01Z,10.3092,113.98,697.1964,620.3582
2019-01-01T00:02:06Z,10.1685,115.6273,710.5095,625.9636
2019-01-01T00:03:01Z,10.2112,116.1818,710.4043,625.2945
2019-01-01T00:04:04Z,9.7948,144.0191,745.6025,645.7636
2019-01-01T00:05:07Z,9.8344,130.5545,728.5007,635.4936
2019-01-01T00:06:08Z,10.3685,114.4564,697.218,618.2745
2019-01-01T00:07:02Z,9.8389,131.4255,730.3781,635.8891
2019-01-01T00:08:07Z,9.8398,129.68,725.4652,632.5727
2019-01-01T00:09:02Z,9.6675,130.3082,728.0125,638.63
2019-01-01T00:10:04Z,10.6091,108.1191,706.3452,617.6045
2019-01-01T00:11:05Z,9.7813,128.9618,727.5613,635.6382
2019-01-01T00:12:09Z,9.8142,119.9791,714.6392,627.5409
2019-01-01T00:13:04Z,10.5484,112.0755,698.7702,608.79
2019-01-01T00:14:10Z,10.4491,115.9182,704.2846,619.35
2019-01-01T00:15:07Z,10.1562,121.7209,710.0377,624.0573
2019-01-01T00:16:04Z,10.242,118.6936,717.6516,631.9864
2019-01-01T00:17:03Z,10.0247,122.3327,722.5495,639.8027
2019-01-01T00:18:06Z,10.2084,123.5555,723.5343,634.9736
2019-01-01T00:19:02Z,10.3268,116.0718,711.6326,625.3827
2019-01-01T00:20:03Z,9.9405,129.0845,731.5075,637.3145
2019-01-01T00:21:10Z,10.06,126.6509,728.0393,633.9082
2019-01-01T00:22:09Z,10.0374,122.2091,722.4367,640.8409
2019-01-01T00:23:07Z,10.167,118.9155,708.4164,620.9409
2019-01-01T00:24:03Z,10.4565,116.9618,703.2056,618.9891
2019-01-01T00:25:10Z,10.572,109.8318,701.3445,616.7164
2019-01-01T00:26:01Z,10.8767,102.8327,685.7975,603.9627
2019-01-01T00:27:07Z,9.6798,128.1745,723.6691,631.2591
2019-01-01T00:28:02Z,9.6082,127.7736,718.4202,629.91
2019-01-01T00:29:01Z,10.2591,120.0255,707.8083,621.0227
2019-01-01T00:30:01Z,10.3622,114.72,706.8942,618.6836
2019-01-01T00:31:03Z,10.2921,118.3209,705.9406,621.2864
2019-01-01T00:32:01Z,10.7977,103.7836,695.5995,612.82
2019-01-01T00:33:10Z,10.6904,108.4455,699.7919,611.83
2019-01-01T00:34:01Z,9.5543,128.9691,728.222,638.8782
2019-01-01T00:35:07Z,10.7329,106.2591,702.5052,618.0982
2019-01-01T00:36:03Z,9.7344,127.4291,722.828,630.7564
2019-01-01T00:37:10Z,10.3055,118.6045,705.8639,620.7518
2019-01-01T00:38:06Z,9.9598,122.5764,717.8934,627.26
2019-01-01T00:39:01Z,10.5254,111.2055,702.4245,615.4873
2019-01-01T00:40:06Z,9.7464,128.9109,725.1503,632.2182
2019-01-01T00:41:07Z,10.8026,106.1045,689.8337,607.1155
2019-01-01T00:42:03Z,10.9095,103.13,691.2891,607.6555
2019-01-01T00:43:01Z,9.5055,134.7536,726.0982,634.2891
2019-01-01T00:44:10Z,10.7468,103.8955,687.5723,605.4255
2019-01-01T00:45:01Z,10.9983,94.1618,679.2864,597.61
2019-01-01T00:46:02Z,10.754,106.4609,689.9468,607.94
2019-01-01T00:47:09Z,10.1629,121.3991,710.428,623.1345
2019-01-01T00:48:09Z,10.4823,110.3636,702.791,618.6736
2019-01-01T00:49:03Z,10.4054,114.6418,699.2714,613.8827
2019-01-01T00:50:05Z,10.4667,114.9182,700.6904,613.2182
2019-01-01T00:51:06Z,10.7532,107.4818,698.6976,610.4073
2019-01-01T00:52:08Z,11.0771,94.0427,687.5515,603.6827
2019-01-01T00:53:10Z,10.7035,106.5782,696.6135,616.1764
2019-01-01T00:54:08Z,10.7884,110.8109,692.7837,608.1282
2019-01-01T00:55:06Z,10.4992,111.0836,695.625,614.0282
2019-01-01T00:56:04Z,10.5969,109.7345,700.7315,613.17
2019-01-01T00:57:04Z,11.0273,91.9636,674.467,595.3218
2019-01-01T00:58:07Z,10.1635,119.0545,706.1504,621.2836
2019-01-01T00:59:10Z,10.5715,110.9764,694.3279,611.5773
2019-01-01T01:00:03Z,10.9294,96.6418,679.4197,600.7445
2019-01-01T01:01:07Z,9.6464,131.6173,725.3742,626.81
2019-01-01T01:02:01Z,10.6814,109.0318,703.3516,611.3773
2019-01-01T01:03:08Z,10.5974,110.4482,693.5756,608.3618
2019-01-01T01:04:04Z,10.9359,99.1745,685.4901,597.3318
2019-01-01T01:05:04Z,10.7287,107.19,698.6469,608.1364
2019-01-01T01:06:02Z,10.5395,111.2245,702.5207,613.58
2019-01-01T01:07:06Z,10.7269,106.9691,695.6754,613.01
2019-01-01T01:08:06Z,9.8975,124.8055,715.1954,620.7982
2019-01-01T01:09:03Z,10.5694,108.2055,698.4666,611.83
2019-01-01T01:10:06Z,10.5233,110.9355,703.0527,616.6455
2019-01-01T01:11:06Z,10.4427,110.6364,699.548,613.8764
2019-01-01T01:12:01Z,10.7884,106.6736,698.0664,606.8355
2019-01-01T01:13:01Z,10.6871,108.2727,692.5505,609.9064
2019-01-01T01:14:03Z,10.5985,107.31,692.0365,611.2491
2019-01-01T01:15:10Z,10.587,110.7882,704.8333,619.2591
2019-01-01T01:16:04Z,10.5538,110.8618,697.969,613.6809
2019-01-01T01:17:01Z,9.8279,123.5236,713.6924,622.63
2019-01-01T01:18:04Z,9.8395,125.8373,716.5348,622.8191
2019-01-01T01:19:02Z,10.5614,106.4373,694.0026,612.3109
2019-01-01T01:20:03Z,9.7936,126.1736,716.8571,624.5064
2019-01-01T01:21:10Z,9.4952,126.5445,717.039,629.4655
2019-01-01T01:22:10Z,10.885,100.7318,681.9664,603.5291
2019-01-01T01:23:03Z,10.2246,117.4964,705.4114,620.4782
2019-01-01T01:24:09Z,10.0772,122.5864,712.4448,619.6709
2019-01-01T01:25:02Z,10.7166,104.5964,694.9104,605.5045
2019-01-01T01:26:07Z,10.9091,99.1655,689.0936,602.0091
2019-01-01T01:27:10Z,10.3618,112.8936,701.8613,613.0836
2019-01-01T01:28:09Z,10.2716,115.1173,703.8371,615.8845
2019-01-01T01:29:02Z,10.8644,100.4627,687.3022,598.2927
2019-01-01T01:30:02Z,10.1555,117.5436,717.4409,626.0173
2019-01-01T01:31:10Z,10.4155,114.1055,703.5157,618.0136
2019-01-01T01:32:10Z,10.5515,112.8582,698.8803,611.5009
2019-01-01T01:33:02Z,11.0379,89.8127,682.5053,599.6655
2019-01-01T01:34:10Z,10.8747,101.1791,690.2744,604.4064
2019-01-01T01:35:08Z,10.9927,96.3364,683.5816,596.9864
2019-01-01T01:36:06Z,9.7739,126.4273,716.5138,631.4736
2019-01-01T01:37:02Z,10.2766,114.7864,703.8539,620.8382
2019-01-01T01:38:05Z,10.4092,110.09,697.5141,617.4573
2019-01-01T01:39:01Z,11.0416,90.29,681.8126,596.9264
2019-01-01T01:40:02Z,10.2359,115.1391,704.9876,621.5145
2019-01-01T01:41:06Z,10.3543,113.2791,701.2595,612.2727
2019-01-01T01:42:06Z,10.4315,110.7264,701.1288,614.07
2019-01-01T01:43:10Z,10.2375,117.2009,706.3253,615.5427
2019-01-01T01:44:09Z,10.1436,117.6391,707.4709,622.3855
2019-01-01T01:45:09Z,10.3957,109.4255,695.357,611.7545
2019-01-01T01:46:10Z,10.3776,113.8309,709.2672,617.0082
2019-01-01T01:47:02Z,10.6765,109.3536,696.002,610.43
2019-01-01T01:48:02Z,10.3868,111.1073,699.2683,618.9864
2019-01-01T01:49:05Z,10.1985,118.2418,716.4126,621.1409
2019-01-01T01:50:06Z,10.5147,112.9673,697.5148,613.6064
2019-01-01T01:51:04Z,10.3085,113.7318,700.9287,617.9164
2019-01-01T01:52:07Z,10.6448,113.5691,697.2639,611.5891
2019-01-01T01:53:10Z,10.4077,112.8691,709.2333,619.1182
2019-01-01T01:54:10Z,10.3822,111.3291,700.7682,617.8382
2019-01-01T01:55:07Z,9.7949,135.1991,727.3776,634.3218
2019-01-01T01:56:06Z,10.2576,114.1573,708.6351,622.09
2019-01-01T01:57:05Z,10.3343,113.2827,700.2145,617.7182
2019-01-01T01:58:03Z,10.3079,115.1164,707.8983,618.6682
2019-01-01T01:59:02Z,10.0098,124.3418,714.9223,623.51
2019-01-01T02:00:02Z,10.9368,97.6318,683.991,597.6182
2019-01-01T02:01:01Z,9.8965,123.3564,713.3935,619.4364
2019-01-01T02:02:04Z,10.5246,111.7027,704.9922,616.1336
2019-01-01T02:03:09Z,10.6816,108.3645,702.0274,612.0164
2019-01-01T02:04:01Z,10.1459,129.0582,728.2628,636.1173
2019-01-01T02:05:09Z,10.9064,99.44,684.36,600.8955
2019-01-01T02:06:02Z,9.9616,121.2555,709.9713,619.7018
2019-01-01T02:07:06Z,10.1048,127.0673,725.7914,635.9182
2019-01-01T02:08:10Z,10.7172,109.6591,694.102,604.89
2019-01-01T02:09:07Z,10.6677,108.9618,701.2556,614.45
2019-01-01T02:10:07Z,10.8499,104.1591,695.3086,605.8645
2019-01-01T02:11:10Z,10.9597,94.2418,681.8268,598.3727
2019-01-01T02:12:09Z,10.7789,103.0145,696.6279,613.1073
2019-01-01T02:13:09Z,11.1129,90.3318,678.9608,591.5455
2019-01-01T02:14:03Z,10.3071,115.7209,710.5581,623.5573
2019-01-01T02:15:09Z,10.6033,112.1091,705.8283,619.4227
2019-01-01T02:16:08Z,10.396,110.94,698.1407,612.8382
2019-01-01T02:17:01Z,10.3363,112.4391,705.9863,619.2964
2019-01-01T02:18:06Z,10.3365,110.1718,698.4534,613.9891
2019-01-01T02:19:04Z,10.3173,112.8509,707.1661,620.6755
2019-01-01T02:20:03Z,10.5601,110.8945,704.0101,616.8782
2019-01-01T02:21:06Z,10.9705,100.9964,692.4012,608.7327
2019-01-01T02:22:02Z,10.3551,112.7864,705.3715,617.5745
2019-01-01T02:23:02Z,11.1813,81.49,667.8784,581.7773
2019-01-01T02:24:07Z,10.8893,99.2964,681.7939,600.5091
2019-01-01T02:25:06Z,10.3312,116.1264,707.7137,621.9391
2019-01-01T02:26:09Z,10.5125,109.2964,692.6828,615.0864
2019-01-01T02:27:08Z,10.5803,109.0655,700.0724,614.3909
2019-01-01T02:28:03Z,10.0944,127.0991,726.2807,635.4591
2019-01-01T02:29:07Z,11.1102,88.4391,677.0191,589.64
2019-01-01T02:30:05Z,10.4503,116.3545,701.6311,615.4873
2019-01-01T02:31:10Z,10.8505,107.7227,700.761,613.3427
2019-01-01T02:32:02Z,10.1586,116.4536,704.4316,616.5327
2019-01-01T02:33:05Z,10.7107,106.38,691.5508,606.58
2019-01-01T02:34:02Z,10.3983,111.7736,701.3889,621.1836
2019-01-01T02:35:02Z,9.9095,125.6509,723.1483,634.1618
2019-01-01T02:36:06Z,10.7128,107.0355,696.3711,614.0618
2019-01-01T02:37:02Z,10.1474,121.22,723.8633,632.4527
2019-01-01T02:38:03Z,9.9826,120.0409,715.3253,624.1364
2019-01-01T02:39:10Z,11.069,102.7764,691.1704,605.9064
2019-01-01T02:40:02Z,10.3846,114.8573,699.0546,619.5764
2019-01-01T02:41:04Z,10.7876,109.5791,705.5355,616.3218
2019-01-01T02:42:01Z,10.4143,113.8391,697.8578,615.4473
2019-01-01T02:43:08Z,10.8611,102.5527,690.9043,601.3382
2019-01-01T02:44:04Z,10.6289,110.7682,694.867,611.3327
2019-01-01T02:45:09Z,9.8876,119.8064,713.7366,624.7255
2019-01-01T02:46:10Z,10.4951,112.5236,696.075,614.0909
2019-01-01T02:47:01Z,10.7566,107.6618,692.1989,604.7391
2019-01-01T02:48:07Z,10.3203,115.4055,699.6193,616.4127
2019-01-01T02:49:02Z,10.7294,108.1936,693.4682,605.9909
2019-01-01T02:50:08Z,10.4564,115.5491,711.4519,625.27
2019-01-01T02:51:08Z,10.5052,109.0555,695.9855,615.2791
2019-01-01T02:52:09Z,10.9106,105.3036,700.65,613.7136
2019-01-01T02:53:07Z,10.3575,112.3818,698.6038,615.7773
2019-01-01T02:54:05Z,10.2714,124.0673,720.2964,631.8491
2019-01-01T02:55:03Z,10.2579,116.2964,707.3987,623.9345
2019-01-01T02:56:07Z,10.6763,106.5355,695.1625,608.4018
2019-01-01T02:57:06Z,10.9415,100.1409,691.9861,605.2236
2019-01-01T02:58:03Z,10.32,112.7245,704.9397,616.4609
2019-01-01T02:59:03Z,11.1587,86.5655,678.2051,588.2882
2019-01-01T03:00:02Z,10.9302,105.5827,701.511,614.2455
2019-01-01T03:01:09Z,10.7052,106.5564,693.6374,606.91
2019-01-01T03:02:03Z,10.0919,127.9027,726.5689,633.6118
2019-01-01T03:03:03Z,10.9085,95.9482,681.7965,602.3136
2019-01-01T03:04:07Z,10.3777,114.4564,710.9717,619.3755
2019-01-01T03:05:04Z,10.4632,113.0182,703.237,617.7536
2019-01-01T03:06:07Z,9.6744,121.1927,714.4782,627.4173
2019-01-01T03:07:04Z,10.7736,109.7618,703.5857,614.4718
2019-01-01T03:08:10Z,9.9619,120.4318,714.6346,626.8609
2019-01-01T03:09:06Z,10.4915,110.7627,701.9575,611.5936
2019-01-01T03:10:08Z,9.6424,134.6191,726.635,631.7745
2019-01-01T03:11:09Z,9.8645,131.2164,723.0096,628.6464
2019-01-01T03:12:03Z,10.619,109.43,692.501,608.9473
2019-01-01T03:13:06Z,9.6463,144.5618,737.8334,635.5
2019-01-01T03:14:04Z,10.7093,108.4845,691.3782,608.7764
2019-01-01T03:15:04Z,10.3757,115.7,706.5476,619.7764
2019-01-01T03:16:02Z,10.9652,96.7709,687.9336,604.3445
2019-01-01T03:17:03Z,10.5359,114.0573,701.8083,615.0882
2019-01-01T03:18:08Z,10.7698,102.3855,700.1641,615.2755
2019-01-01T03:19:02Z,10.7943,106.9618,690.559,606.7182
2019-01-01T03:20:09Z,9.7511,137.4336,730.1582,632.7136
2019-01-01T03:21:09Z,11.0064,95.2464,687.2136,603.3
2019-01-01T03:22:05Z,10.1654,119.5691,703.9686,614.1391
2019-01-01T03:23:04Z,10.1538,126.4964,719.1197,624.5164
2019-01-01T03:24:02Z,10.4561,115.6209,696.9823,611.1245
2019-01-01T03:25:07Z,10.3578,117.1136,698.4629,608.6109
2019-01-01T03:26:03Z,10.0843,131.4364,723.0064,626.17
2019-01-01T03:27:07Z,10.2412,119.0691,709.0017,620.2264
2019-01-01T03:28:06Z,10.6186,108.7791,689.6662,607.6336
2019-01-01T03:29:04Z,10.0515,122.89,714.0466,623.3055
2019-01-01T03:30:06Z,10.0899,129.2536,724.9937,630.3318
2019-01-01T03:31:06Z,10.378,113.55,694.2201,611.4836
2019-01-01T03:32:10Z,10.2517,120.9264,702.6257,613.2836
2019-01-01T03:33:02Z,10.699,105.9609,684.2897,605.3018
2019-01-01T03:34:06Z,10.2875,121.9255,709.3681,617.3018
2019-01-01T03:35:04Z,10.7622,108.0855,694.7042,608.1227
2019-01-01T03:36:03Z,10.2366,123.9209,715.5162,622.1982
2019-01-01T03:37:09Z,10.6467,110.8709,702.5381,613.9382
2019-01-01T03:38:06Z,10.1691,124.2918,707.4816,613.8309
2019-01-01T03:39:07Z,10.4118,113.3182,694.6373,606.8491
2019-01-01T03:40:10Z,10.3476,117.84,699.2442,612.0127
2019-01-01T03:41:01Z,10.4862,112.4473,694.8475,609.3136
2019-01-01T03:42:08Z,9.9218,121.4282,709.3852,619.9673
2019-01-01T03:43:08Z,9.9994,133.5918,722.696,631.5845
2019-01-01T03:44:06Z,10.7021,109.1618,700.678,612.27
2019-01-01T03:45:08Z,10.4909,113.4618,705.8455,616.9745
2019-01-01T03:46:05Z,10.6291,110.6445,702.3571,614.0473
2019-01-01T03:47:04Z,10.2362,122.5127,720.0965,627.4109
2019-01-01T03:48:02Z,10.5885,106.7191,691.924,607.5818
2019-01-01T03:49:07Z,9.884,131.8936,726.6941,626.7036
2019-01-01T03:50:05Z,10.3745,113.9973,697.7547,614.6055
2019-01-01T03:51:03Z,10.2557,121.0018,719.3555,628.3636
2019-01-01T03:52:02Z,10.3644,116.6355,706.5991,624.3873
2019-01-01T03:53:03Z,10.7702,104.1018,691.8687,614.52
2019-01-01T03:54:09Z,10.3024,114.7173,696.2995,610.0755
2019-01-01T03:55:09Z,10.3023,122.8709,722.1689,627.4355
2019-01-01T03:56:02Z,10.8486,103.2873,691.1899,604.6173
2019-01-01T03:57:10Z,10.371,112.3536,697.965,616.1809
2019-01-01T03:58:04Z,10.8756,104.0945,691.2743,607.0309
2019-01-01T03:59:02Z,10.3835,116.5655,697.6858,608.44
2019-01-01T04:00:04Z,10.3301,116.2245,697.1189,611.8627
2019-01-01T04:01:09Z,10.7656,106.6155,693.2606,606.8264
2019-01-01T04:02:10Z,10.4369,115.4664,702.6633,614.0418
2019-01-01T04:03:03Z,10.6997,107.9827,696.2145,607.3436
2019-01-01T04:04:02Z,10.6015,108.8309,691.4008,606.9991
2019-01-01T04:05:04Z,10.526,111.4064,704.2955,618.0736
2019-01-01T04:06:04Z,10.4473,116.5145,713.297,625.8582
2019-01-01T04:07:10Z,10.9812,96.83,678.0763,595.7927
2019-01-01T04:08:05Z,10.9718,97.1609,679.4928,599.2782
2019-01-01T04:09:02Z,10.1365,121.4645,720.8914,632.2982
2019-01-01T04:10:08Z,10.4334,113.5555,694.5209,607.67
2019-01-01T04:11:01Z,10.817,105.8809,703.228,619.0827
2019-01-01T04:12:01Z,10.4415,113.8782,706.1317,617.2
2019-01-01T04:13:04Z,10.9013,102.1564,683.1436,597.3964
2019-01-01T04:14:02Z,10.0897,125.1218,707.2267,616.9991
2019-01-01T04:15:09Z,10.0891,124.7118,724.2579,634.3027
2019-01-01T04:16:07Z,10.4921,116.1536,694.9234,610.72
2019-01-01T04:17:10Z,10.3647,118.1382,701.4637,614.5473
2019-01-01T04:18:10Z,10.2241,120.3836,717.7344,627.5982
2019-01-01T04:19:10Z,10.3049,113.9836,695.5233,607.7136
2019-01-01T04:20:07Z,10.5182,110.84,703.0011,615.3073
2019-01-01T04:21:04Z,10.8692,101.4945,689.3062,608.7718
2019-01-01T04:22:03Z,10.5164,109.7091,692.6338,609.9709
2019-01-01T04:23:01Z,10.3625,114.9009,696.7701,611.9664
2019-01-01T04:24:03Z,10.334,117.3982,699.0003,620.2645
2019-01-01T04:25:02Z,10.4453,118.0345,714.1714,625.4055
2019-01-01T04:26:06Z,10.3263,122.8782,722.0423,628.3745
2019-01-01T04:27:02Z,10.5723,109.3509,686.6237,603.6536
2019-01-01T04:28:05Z,10.432,115.6882,712.4819,627.2418
2019-01-01T04:29:08Z,10.3482,118.5182,706.4761,615.0291
2019-01-01T04:30:03Z,10.4595,113.4945,699.5614,609.7145
2019-01-01T04:31:08Z,10.646,108.6164,688.9193,608.5264
2019-01-01T04:32:09Z,10.3865,113.8455,693.5288,608.7309
2019-01-01T04:33:04Z,10.5182,114.47,711.3787,626.2209
2019-01-01T04:34:05Z,10.3235,112.9045,692.2534,607.4473
2019-01-01T04:35:01Z,11.496,189.6609,720.2259,641.9645
2019-01-01T04:36:10Z,10.2992,120.4936,704.5785,612.8
2019-01-01T04:37:10Z,10.1675,121.7082,719.5819,630.7636
2019-01-01T04:38:05Z,10.8296,105.4618,703.4888,614.6591
2019-01-01T04:39:03Z,10.287,116.9373,714.6969,628.2818
2019-01-01T04:40:04Z,10.7329,104.8164,694.4933,611.7655
2019-01-01T04:41:01Z,10.3602,112.05,694.1964,609.6045
2019-01-01T04:42:03Z,10.4984,110.2882,691.1669,609.8309
2019-01-01T04:43:10Z,10.493,115.1727,694.5538,611.0009
2019-01-01T04:44:06Z,10.4665,113.2118,704.7405,619.29
2019-01-01T04:45:10Z,10.687,108.3545,688.0494,602.5555
2019-01-01T04:46:09Z,10.2288,122.3664,719.7504,625.84
2019-01-01T04:47:06Z,10.536,111.7818,692.727,608.7009
2019-01-01T04:48:05Z,10.5762,107.52,688.597,608.8491
2019-01-01T04:49:08Z,10.4305,110.6,693.9011,607.6764
2019-01-01T04:50:07Z,10.2708,122.1118,721.202,635.5618
2019-01-01T04:51:01Z,10.4571,114.0245,706.6697,620.8718
2019-01-01T04:52:01Z,10.4549,116.4918,697.1725,611.0773
2019-01-01T04:53:05Z,10.5925,111.8927,707.7157,617.5136
2019-01-01T04:54:05Z,10.3353,118.8891,704.1419,618.22
2019-01-01T04:55:08Z,10.3225,119.2536,716.1259,631.0582
2019-01-01T04:56:04Z,10.3564,112.5891,692.0508,611.3082
2019-01-01T04:57:03Z,10.8851,100.2936,680.2222,596.4182
2019-01-01T04:58:09Z,10.4465,116.8309,700.3083,610.4491
2019-01-01T04:59:10Z,10.2223,119.5373,701.119,614.3818
2019-01-01T05:00:02Z,10.5338,106.4518,686.2205,601.6464
2019-01-01T05:01:07Z,10.6192,106.4709,686.3466,604.8227
2019-01-01T05:02:07Z,10.9075,103.4155,684.6328,598.3609
2019-01-01T05:03:01Z,10.5865,109.4627,710.9053,623.6509
2019-01-01T05:04:03Z,10.3977,113.04,704.89,621.0264
2019-01-01T05:05:05Z,11.1027,87.4618,670.2245,587.9964
2019-01-01T05:06:04Z,10.4912,113.5545,699.1661,610.8391
2019-01-01T05:07:06Z,10.2935,123.4145,722.6842,629.0709
2019-01-01T05:08:02Z,10.5393,110.2491,690.0973,602.9718
2019-01-01T05:09:07Z,10.6248,113.6545,709.1935,624.6418
2019-01-01T05:10:04Z,10.5217,109.9209,691.8568,610.0518
2019-01-01T05:11:05Z,10.575,112.7491,692.7834,609.9336
2019-01-01T05:12:06Z,10.8197,102.6555,684.9074,601.11
2019-01-01T05:13:04Z,10.1833,124.5336,722.8022,633.4954
2019-01-01T05:14:04Z,10.9666,101.3609,696.9089,606.9455
2019-01-01T05:15:08Z,10.6245,107.1909,690.3938,608.03
2019-01-01T05:16:03Z,10.1448,118.5264,711.2815,625.28
2019-01-01T05:17:04Z,10.3242,116.37,697.2458,608.1973
2019-01-01T05:18:05Z,10.3108,117.4582,714.8791,626.9545
2019-01-01T05:19:02Z,10.3612,116.9573,697.1097,610.3745
2019-01-01T05:20:07Z,10.4883,111.0482,693.7147,613.6609
2019-01-01T05:21:07Z,10.0961,119.6373,718.1876,630.1173
2019-01-01T05:22:10Z,10.1081,119.4264,700.6368,614.6764
2019-01-01T05:23:10Z,10.6211,112.6136,709.7245,619.9836
2019-01-01T05:24:01Z,10.5979,106.7527,689.7918,610.13
2019-01-01T05:25:09Z,10.406,112.7436,695.3721,611.0664
2019-01-01T05:26:10Z,10.4051,114.15,698.2066,621.3336
2019-01-01T05:27:08Z,10.3356,120.9727,703.1905,615.6173
2019-01-01T05:28:03Z,10.3899,114.9345,695.4028,609.3745
2019-01-01T05:29:01Z,10.2281,120.8855,708.4751,622.4182
2019-01-01T05:30:06Z,10.3968,114.6755,717.6663,631.3464
2019-01-01T05:31:03Z,10.3442,118.2491,702.1116,616.0955
2019-01-01T05:32:06Z,10.9719,92.1636,674.4976,597.2918
2019-01-01T05:33:09Z,10.59,110.36,690.6898,606.8073
2019-01-01T05:34:06Z,10.3443,118.1082,699.38,614.7745
2019-01-01T05:35:03Z,10.9984,96.9464,691.9179,610.98
2019-01-01T05:36:03Z,11.1209,85.5091,670.3055,582.4818
2019-01-01T05:37:09Z,10.4044,112.8436,693.9956,610.8109
2019-01-01T05:38:08Z,10.7265,109.7355,691.4965,601.6855
2019-01-01T05:39:06Z,10.48,111.7209,692.7036,608.3127
2019-01-01T05:40:10Z,10.3915,113.9118,697.874,611.8491
2019-01-01T05:41:09Z,10.8369,103.5027,685.4466,600.6009
2019-01-01T05:42:10Z,10.5249,113.7709,695.5948,607.1264
2019-01-01T05:43:07Z,10.4528,113.5282,707.7555,616.5755
2019-01-01T05:44:10Z,10.35,117.6018,713.81,628.22
2019-01-01T05:45:06Z,9.9566,133.3545,721.475,622.1827
2019-01-01T05:46:09Z,10.3351,120.6009,709.103,623.8827
2019-01-01T05:47:08Z,10.5905,106.1582,687.024,611.3682
2019-01-01T05:48:02Z,10.1712,131.3055,736.1458,637.8855
2019-01-01T05:49:02Z,10.4471,111.8373,694.5902,608.7982
2019-01-01T05:50:01Z,9.9857,125.7373,708.3565,622.3518
2019-01-01T05:51:05Z,10.7687,102.6364,687.5,605.0264
2019-01-01T05:52:03Z,10.4857,115.3773,697.6724,610.8955
2019-01-01T05:53:02Z,10.1931,121.0173,701.087,614.6018
2019-01-01T05:54:08Z,10.4788,116.8609,697.3655,610.3173
2019-01-01T05:55:05Z,10.2897,122.4727,722.2559,633.6936
2019-01-01T05:56:06Z,11.0363,101.6427,696.8256,606.8545
2019-01-01T05:57:09Z,10.525,112.7527,708.8623,617.3936
2019-01-01T05:58:03Z,10.8948,100.8973,696.9232,611.9973
2019-01-01T05:59:06Z,10.3051,117.0918,697.3779,611.1118
2019-01-01T06:00:05Z,9.7566,131.88,718.8506,627.7345
2019-01-01T06:01:04Z,10.3655,113.5273,694.0555,608.6636
2019-01-01T06:02:09Z,10.8864,99.0464,679.2624,599.1491
2019-01-01T06:03:09Z,10.5782,113.9373,695.6849,610.4564
2019-01-01T06:04:09Z,10.1425,123.35,722.6565,627.1736
2019-01-01T06:05:04Z,10.4416,119.31,713.9922,620.8991
2019-01-01T06:06:10Z,10.502,114.1545,708.3723,619.1936
2019-01-01T06:07:09Z,10.6083,112.8282,694.8365,606.02
2019-01-01T06:08:05Z,10.6759,105.9118,690.9133,607.0473
2019-01-01T06:09:05Z,10.4343,113.2527,693.8335,610.3036
2019-01-01T06:10:06Z,10.4059,117.6045,709.8314,622.3455
2019-01-01T06:11:03Z,10.4184,116.1555,706.3866,620.7318
2019-01-01T06:12:10Z,10.4505,110.7709,692.262,606.7309
2019-01-01T06:13:02Z,10.62,112.4009,692.3947,604.3945
2019-01-01T06:14:02Z,9.8942,127.1545,729.37,638.0791
2019-01-01T06:15:07Z,10.8208,100.7745,680.3879,597.1818
2019-01-01T06:16:07Z,10.6427,109.2791,691.6096,606.4227
2019-01-01T06:17:08Z,10.2827,118.6464,710.5642,622.5836
2019-01-01T06:18:08Z,10.4663,115.6918,700.1447,610.0327
2019-01-01T06:19:04Z,10.675,107.7727,695.4966,608.2509
2019-01-01T06:20:01Z,10.4665,115.8418,712.6839,629.6191
2019-01-01T06:21:10Z,10.2623,119.0555,717.8067,630.4945
2019-01-01T06:22:04Z,10.5906,110.7573,690.9374,607.8545
2019-01-01T06:23:07Z,10.429,114.7082,694.9675,611.0473
2019-01-01T06:24:01Z,10.5264,112.2345,707.8298,621.3155
2019-01-01T06:25:01Z,10.0312,123.8136,724.4221,633.6645
2019-01-01T06:26:04Z,10.6041,109.79,689.2017,604.8864
2019-01-01T06:27:03Z,10.7948,108.4027,703.7363,618.6455
2019-01-01T06:28:01Z,10.4302,114.7864,711.0256,623.1145
2019-01-01T06:29:08Z,10.1812,124.5191,722.5331,628.9764
2019-01-01T06:30:04Z,10.2754,122.2718,708.4228,617.0245
2019-01-01T06:31:06Z,10.7035,105.9136,689.19,605.9827
2019-01-01T06:32:09Z,10.4124,114.8118,711.9345,622.8364
2019-01-01T06:33:02Z,10.8541,103.4527,684.6931,601.8373
2019-01-01T06:34:02Z,10.4259,117.9373,701.841,610.4545
2019-01-01T06:35:01Z,10.3965,120.9855,717.5607,622.6709
2019-01-01T06:36:09Z,10.691,109.1345,691.389,606.2809
2019-01-01T06:37:09Z,10.6001,109.5945,691.8685,606.92
2019-01-01T06:38:02Z,10.5378,113.3327,709.3485,621.0127
2019-01-01T06:39:09Z,10.5311,110.3164,690.5968,607.1727
2019-01-01T06:40:05Z,10.5277,116.3082,698.5746,609.5127
2019-01-01T06:41:07Z,10.4657,115.6382,697.8583,612.6209
2019-01-01T06:42:02Z,10.2891,116.4027,708.8428,623.6918
2019-01-01T06:43:09Z,10.4264,114.8691,697.666,612.6755
2019-01-01T06:44:09Z,10.4174,116.25,703.5813,610.4791
2019-01-01T06:45:03Z,9.8572,134.8382,721.6229,628.3682
2019-01-01T06:46:02Z,10.7197,107.7764,695.2994,608.34
2019-01-01T06:47:09Z,10.5186,117.3309,710.9816,619.5591
2019-01-01T06:48:09Z,10.1024,120.4264,717.7923,631.8009
2019-01-01T06:49:09Z,10.5199,116.3836,699.6053,608.4055
2019-01-01T06:50:04Z,10.2988,120.8918,703.6779,614.5418
2019-01-01T06:51:04Z,10.6893,108.4727,691.5957,603.49
2019-01-01T06:52:10Z,10.5812,111.9345,713.7445,626.8682
2019-01-01T06:53:05Z,10.5195,112.7864,692.4406,605.8191
2019-01-01T06:54:09Z,10.2776,120.7782,714.6546,626.2655
2019-01-01T06:55:08Z,10.4901,111.7527,692.7622,608.7173
2019-01-01T06:56:10Z,10.4924,110.4682,688.5258,603.5018
2019-01-01T06:57:02Z,10.523,111.9836,704.3656,618.1955
2019-01-01T06:58:08Z,10.559,117.1773,704.2601,616.78
2019-01-01T06:59:06Z,10.0365,128.2864,721.4084,629.1573
2019-01-01T07:00:08Z,10.4932,119.33,711.9075,619.08
2019-01-01T07:01:09Z,10.1156,119.7773,711.9707,624.8109
2019-01-01T07:02:03Z,10.2754,124.1582,716.958,627.3664
2019-01-01T07:03:04Z,10.78,105.3427,711.6681,628.1482
2019-01-01T07:04:03Z,10.805,105.16,686.4185,599.6918
2019-01-01T07:05:06Z,10.3,120.9091,722.2901,629.6345
2019-01-01T07:06:05Z,10.269,122.2091,726.2675,638.9927
2019-01-01T07:07:04Z,10.2648,120.5955,714.1389,624.5673
2019-01-01T07:08:06Z,10.2792,122.8173,717.5026,626.2627
2019-01-01T07:09:01Z,10.1182,129.6336,723.4698,631.3245
2019-01-01T07:10:01Z,10.5606,117.5718,712.3649,623.7918
2019-01-01T07:11:06Z,10.9314,102.7827,682.7935,600.8982
2019-01-01T07:12:06Z,10.544,120.3973,719.2693,630.4227
2019-01-01T07:13:01Z,10.557,114.2155,699.9437,610.83
2019-01-01T07:14:09Z,10.637,111.5745,707.7565,617.7227
2019-01-01T07:15:10Z,10.8802,103.9464,700.0819,610.2245
2019-01-01T07:16:09Z,10.9013,103.2673,683.5725,596.9536
2019-01-01T07:17:01Z,10.2524,119.3618,712.3838,624.6727
2019-01-01T07:18:08Z,10.1859,121.8518,716.4638,630.3918
2019-01-01T07:19:06Z,10.2626,122.6718,725.9356,637.8036
2019-01-01T07:20:01Z,10.2828,121.7845,724.2124,635.0709
2019-01-01T07:21:06Z,10.367,119.1,705.186,617.6555
2019-01-01T07:22:04Z,10.9092,98.1818,677.9402,597.2955
2019-01-01T07:23:04Z,10.366,121.4118,724.0101,637.4018
2019-01-01T07:24:02Z,10.248,123.0573,711.4887,624.0418
2019-01-01T07:25:10Z,9.9177,126.9345,730.0005,640.5882
2019-01-01T07:26:08Z,10.0681,120.8064,710.2403,621.3218
2019-01-01T07:27:02Z,10.3828,121.1618,714.7085,622.9955
2019-01-01T07:28:06Z,10.6254,109.5491,697.2771,611.5327
2019-01-01T07:29:08Z,10.7674,108.3191,691.5424,605.5364
2019-01-01T07:30:03Z,9.8308,123.8864,708.8163,622.2618
2019-01-01T07:31:05Z,10.1959,129.5573,721.8494,626.1873
2019-01-01T07:32:04Z,10.388,119.0773,709.6281,620.3418
2019-01-01T07:33:01Z,10.3482,125.5609,717.8006,622.71
2019-01-01T07:34:03Z,10.4641,112.7564,719.1863,626.3345
2019-01-01T07:35:01Z,10.2062,116.8,726.4173,632.4055
2019-01-01T07:36:05Z,10.4475,113.8955,719.3532,628.7745
2019-01-01T07:37:10Z,10.4545,287.1509,770.6084,722.6018
2019-01-01T07:38:08Z,10.4555,120.4309,714.7577,630.5455
2019-01-01T07:39:01Z,10.3518,121.7218,722.7356,629.5182
2019-01-01T07:40:01Z,10.5968,111.3527,695.9003,607.28
2019-01-01T07:41:02Z,10.4101,113.6691,696.3489,608.2055
2019-01-01T07:42:04Z,9.7625,128.1373,731.3791,638.2909
2019-01-01T07:43:09Z,10.4071,117.4545,700.4778,615.0545
2019-01-01T07:44:08Z,10.5745,117.4,710.9487,621.8455
2019-01-01T07:45:08Z,10.4148,115.4664,700.4119,613.6245
2019-01-01T07:46:02Z,11.7063,143.9527,687.5423,610.93
2019-01-01T07:47:01Z,10.376,121.3136,712.5892,620.47
2019-01-01T07:48:02Z,10.7344,108.6609,708.0834,619.0991
2019-01-01T07:49:02Z,10.5374,116.26,707.6684,618.6909
2019-01-01T07:50:04Z,10.2418,121.6064,712.3626,626.4764
2019-01-01T07:51:03Z,10.6107,108.7155,689.3488,604.2545
2019-01-01T07:52:07Z,10.0958,121.0036,712.1438,622.8864
2019-01-01T07:53:10Z,10.4672,120.3345,717.3686,627.0336
2019-01-01T07:54:04Z,9.7288,127.1482,731.7024,637.8018
2019-01-01T07:55:07Z,10.0134,126.2518,717.7122,625.4055
2019-01-01T07:56:03Z,10.9875,98.3082,678.8001,597.64
2019-01-01T07:57:08Z,10.4831,116.1918,718.1511,626.6873
2019-01-01T07:58:03Z,10.5781,112.21,695.9703,609.2555
2019-01-01T07:59:05Z,10.1472,125.7555,719.7597,625.5327
2019-01-01T08:00:03Z,10.2503,123.0127,725.4193,631.7055
2019-01-01T08:01:08Z,10.5269,112.1882,692.5211,607.1127
2019-01-01T08:02:05Z,10.8734,101.9773,680.8903,599.1809
2019-01-01T08:03:08Z,10.7024,106.8364,687.6457,603.3055
2019-01-01T08:04:06Z,10.1909,123.9755,704.8011,616.2755
2019-01-01T08:05:03Z,9.9354,130.0427,718.5147,627.3036
2019-01-01T08:06:03Z,10.2503,123.0145,716.5842,621.1327
2019-01-01T08:07:03Z,10.3698,121.4918,711.3522,618.1945
2019-01-01T08:08:03Z,10.4408,119.53,714.0343,623.7391
2019-01-01T08:09:03Z,10.1774,123.4173,725.8959,632.8191
2019-01-01T08:10:01Z,10.3866,120.0836,713.1646,622.4927
2019-01-01T08:11:04Z,10.4139,116.2409,701.1936,616.2873
2019-01-01T08:12:06Z,10.686,108.6945,699.2814,610.9564
2019-01-01T08:13:01Z,10.3143,124.0618,717.189,624.0945
2019-01-01T08:14:04Z,10.3605,122.1436,717.4145,626.01
2019-01-01T08:15:01Z,10.3011,118.9891,702.8,615.0109
2019-01-01T08:16:05Z,10.3517,117.4036,707.3884,620.2091
2019-01-01T08:17:03Z,10.2302,124.5518,718.6111,623.0245
2019-01-01T08:18:07Z,10.4105,122.5718,721.2649,630.3027
2019-01-01T08:19:03Z,10.483,113.3109,696.6062,611.4518
2019-01-01T08:20:05Z,10.4058,121.0336,719.4635,628.6255
2019-01-01T08:21:07Z,10.3605,118.5455,704.1607,614.3436
2019-01-01T08:22:09Z,10.3407,117.9436,708.3806,619.1382
2019-01-01T08:23:03Z,10.4536,119.3964,713.2773,621.46
2019-01-01T08:24:07Z,10.2349,121.1836,712.5464,622.2264
2019-01-01T08:25:02Z,10.6075,109.0264,698.8721,614.0309
2019-01-01T08:26:09Z,10.3771,114.4682,694.0026,611.6564
2019-01-01T08:27:06Z,10.3595,121.3773,720.2431,627.9518
2019-01-01T08:28:10Z,10.4158,121.2709,714.8877,618.1518
2019-01-01T08:29:03Z,10.7155,108.2264,698.5774,610.2118
2019-01-01T08:30:06Z,10.3997,114.2245,695.6406,612.7173
2019-01-01T08:31:05Z,10.4257,118.1873,708.0318,620.1236
2019-01-01T08:32:10Z,10.2777,124.7173,724.0094,632.4409
2019-01-01T08:33:04Z,10.6227,117.7545,708.3705,615.7736
2019-01-01T08:34:10Z,10.2452,121.2009,714.708,622.3282
2019-01-01T08:35:02Z,10.2926,121.8955,719.6951,629.6309
2019-01-01T08:36:09Z,10.2794,125.9036,713.6493,618.6318
2019-01-01T08:37:09Z,10,132.6473,727.1735,636.8255
2019-01-01T08:38:03Z,10.8442,105.7655,687.5056,598.9773
2019-01-01T08:39:04Z,10.5047,111.8209,694.1609,608.9145
2019-01-01T08:40:05Z,9.975,131.3491,726.1677,630.8345
2019-01-01T08:41:03Z,10.2727,119.0964,709.9546,619.4391
2019-01-01T08:42:08Z,10.76,108.9791,694.7025,608.2918
2019-01-01T08:43:03Z,10.3815,122.7618,716.9754,623.2545
2019-01-01T08:44:05Z,10.1981,126.0755,719.401,626.9036
2019-01-01T08:45:09Z,9.83,124.3564,716.1814,627.2873
2019-01-01T08:46:10Z,10.6128,111.9755,695.482,609.9782
2019-01-01T08:47:02Z,10.6923,109.67,693.0472,608.98
2019-01-01T08:48:07Z,10.1725,118.5945,708.7543,624.8609
2019-01-01T08:49:01Z,10.3811,120.4891,710.1658,621.1873
2019-01-01T08:50:10Z,10.4832,116.2527,705.6595,618.3145
2019-01-01T08:51:07Z,10.3411,121.3273,711.6502,621.9
2019-01-01T08:52:05Z,10.2771,123.3255,722.7487,627.89
2019-01-01T08:53:04Z,10.312,120.8445,710.6709,622.3391
2019-01-01T08:54:07Z,10.3609,119.8345,710.3881,621.9036
2019-01-01T08:55:05Z,10.457,114.8082,700.3056,616.4682
2019-01-01T08:56:08Z,10.223,121.1591,718.9289,630.2764
2019-01-01T08:57:09Z,10.3211,121.3109,708.2338,614.3736
2019-01-01T08:58:05Z,10.2255,123.1536,714.8843,623.6409
2019-01-01T08:59:05Z,10.268,119.2018,712.2715,625.0591
2019-01-01T09:00:10Z,10.3852,119.0973,713.9505,626.5164
2019-01-01T09:01:08Z,10.032,130.2173,717.5695,622.3064
2019-01-01T09:02:07Z,10.6823,107.46,688.0126,604.5018
2019-01-01T09:03:07Z,10.4624,119.9191,713.9128,624.4264
2019-01-01T09:04:06Z,10.512,116.3527,706.3146,621.93
2019-01-01T09:05:04Z,10.4077,117.5964,707.2065,621.2182
2019-01-01T09:06:01Z,9.9856,123.0155,725.6566,636.9327
2019-01-01T09:07:01Z,9.774,124.8827,718.8701,632.3891
2019-01-01T09:08:03Z,10.4229,118.0055,707.9211,618.4909
2019-01-01T09:09:07Z,10.3683,115.8536,700.9235,612.5264
2019-01-01T09:10:03Z,10.3671,119.2455,709.4002,623.5055
2019-01-01T09:11:04Z,10.0705,119.7464,711.5775,621.4736
2019-01-01T09:12:03Z,10.4273,117.3909,707.6259,620.8191
2019-01-01T09:13:06Z,10.5308,110.5955,689.7986,606.4245
2019-01-01T09:14:10Z,10.4813,116.3864,705.4758,619.9809
2019-01-01T09:15:02Z,10.4539,117.2373,705.6295,618.0582
2019-01-01T09:16:05Z,10.087,123.7618,722.1683,632.0682
2019-01-01T09:17:02Z,10.2115,123.5555,721.8127,628.3673
2019-01-01T09:18:04Z,10.127,125.7409,724.5272,632.7045
2019-01-01T09:19:06Z,10.6531,111.7491,703.4975,614.2173
2019-01-01T09:20:06Z,10.4793,115.1973,703.8019,617.7045
2019-01-01T09:21:03Z,10.5644,114.6636,707.2173,620.9682
2019-01-01T09:22:05Z,9.6327,125.2364,727.4027,638.6918
2019-01-01T09:23:07Z,10.3885,122.9945,722.199,633.7809
2019-01-01T09:24:05Z,10.4265,119.8664,715.1099,625.5182
2019-01-01T09:25:07Z,10.4695,112.2627,703.7606,612.5955
2019-01-01T09:26:06Z,10.2485,122.3673,705.217,614.0973
2019-01-01T09:27:07Z,9.9197,122.9227,718.1342,623.5655
2019-01-01T09:28:04Z,10.4568,113.1591,703.9486,617.51
2019-01-01T09:29:03Z,10.3665,119.9045,718.03,629.2227
2019-01-01T09:30:10Z,10.4435,114.8755,702.8384,615.8836
2019-01-01T09:31:06Z,10.167,124.4873,722.7613,629.4591
2019-01-01T09:32:07Z,10.3463,121.6191,720.3446,629.3836
2019-01-01T09:33:04Z,10.5597,114.7682,707.1153,618.6027
2019-01-01T09:34:10Z,10.4556,113.1336,695.737,611.0564
2019-01-01T09:35:03Z,10.3481,118.2236,702.1357,613.0645
2019-01-01T09:36:05Z,9.8152,119.5336,711.4351,623.1245
2019-01-01T09:37:03Z,9.9894,123.2464,724.2842,631.5455
2019-01-01T09:38:09Z,10.4231,117.3664,707.4195,619.3682
2019-01-01T09:39:04Z,10.1885,122.95,712.3648,625.87
2019-01-01T09:40:04Z,10.4567,120.1618,718.316,624.8355
2019-01-01T09:41:07Z,10.4913,115.7427,712.4475,621.4336
2019-01-01T09:42:07Z,9.8475,135.1882,724.0822,631.4182
2019-01-01T09:43:04Z,10.524,113.1527,705.5717,618.26
2019-01-01T09:44:01Z,10.6274,111.9455,704.2245,618.6555
2019-01-01T09:45:07Z,10.2645,126.3527,734.2226,642.9791
2019-01-01T09:46:04Z,10.4502,114.9855,705.5414,619.8982
2019-01-01T09:47:09Z,9.5748,128.7464,731.9965,636.4473
2019-01-01T09:48:05Z,9.649,128.1509,732.0508,640.9773
2019-01-01T09:49:06Z,10.4016,114.3518,706.463,620.2973
2019-01-01T09:50:03Z,10.5987,113.3464,707.9672,616.4055
2019-01-01T09:51:04Z,10.6115,112.7964,709.1613,622.8064
2019-01-01T09:52:02Z,10.6605,111.3718,700.6531,611.3055
2019-01-01T09:53:04Z,9.845,117.2436,709.9994,620.8036
2019-01-01T09:54:01Z,10.4675,111.7673,692.7201,607.7191
2019-01-01T09:55:04Z,10.4413,111.4773,690.1506,608.5464
2019-01-01T09:56:05Z,10.6303,112.2782,705.9143,619.8764
2019-01-01T09:57:07Z,10.2478,123.0418,721.6052,632.8255
2019-01-01T09:58:06Z,10.4892,119.4791,710.6973,615.8309
2019-01-01T09:59:08Z,10.6495,111.5336,718.4811,626.8518
2019-01-01T10:00:01Z,10.7922,106.5027,702.2228,611.8673
2019-01-01T10:01:01Z,9.9771,126.1473,720.8176,626.4636
2019-01-01T10:02:04Z,10.8202,110.1773,706.2051,612.9009
2019-01-01T10:03:06Z,10.2282,116.9527,709.0015,619.9627
2019-01-01T10:04:03Z,10.6705,108.9309,699.5741,613.7745
2019-01-01T10:05:07Z,10.4996,119.0527,716.8116,624.3609
2019-01-01T10:06:10Z,9.6509,123.57,717.7593,631.1409
2019-01-01T10:07:07Z,10.3524,124.1755,722.8043,630.9964
2019-01-01T10:08:10Z,10.2605,122.9064,713.6562,621.8645
2019-01-01T10:09:04Z,10.3825,120.5182,718.6003,626.9073
2019-01-01T10:10:07Z,9.7847,121.46,714.4119,625.4764
2019-01-01T10:11:05Z,10.5675,114.4791,708.3631,621.7755
2019-01-01T10:12:09Z,10.434,121.0191,719.5385,629.4336
2019-01-01T10:13:10Z,10.5716,114.3573,708.1786,620.3591
2019-01-01T10:14:01Z,10.5522,117.26,714.7168,623.5282
2019-01-01T10:15:03Z,9.7331,128.8727,731.7501,639.1845
2019-01-01T10:16:02Z,10.419,121.5091,719.4193,629.9627
2019-01-01T10:17:10Z,9.628,126.21,720.2954,630.2418
2019-01-01T10:18:01Z,10.4077,121.7618,717.074,625.8764
2019-01-01T10:19:10Z,10.5271,116.2845,710.0824,622.1527
2019-01-01T10:20:01Z,10.5095,116.3491,713.3661,624.5273
2019-01-01T10:21:03Z,10.5443,109.2173,698.2482,610.0327
2019-01-01T10:22:05Z,10.5226,117.5891,712.609,622.7636
2019-01-01T10:23:06Z,10.4781,113.5527,719.3801,629.1618
2019-01-01T10:24:09Z,10.2096,122.7273,714.0349,623.5809
2019-01-01T10:25:05Z,10.8157,107.1509,704.8878,612.2945
2019-01-01T10:26:04Z,9.9762,115.5236,707.9804,620.2836
2019-01-01T10:27:01Z,10.6792,110.6955,702.8834,615.0209
2019-01-01T10:28:10Z,10.5372,117.8682,715.9386,624.5591
2019-01-01T10:29:07Z,10.5034,111.1609,702.1567,609.7055
2019-01-01T10:30:02Z,10.6237,114.1727,708.2504,617.5736
2019-01-01T10:31:06Z,10.5685,109.2818,699.482,609.3154
2019-01-01T10:32:04Z,9.7968,123.4082,717.4214,628.0245
2019-01-01T10:33:10Z,11.7849,168.1936,687.4103,617.3736
2019-01-01T10:34:07Z,10.0235,118.5518,710.1183,621.0364
2019-01-01T10:35:01Z,10.2123,114.21,706.3572,615.5964
2019-01-01T10:36:03Z,10.0101,121.1445,714.3855,625.4464
2019-01-01T10:37:08Z,10.5433,116.5327,706.7519,614.3482
2019-01-01T10:38:07Z,10.9009,107.2827,699.5877,608.5064
2019-01-01T10:39:02Z,10.5928,114.03,710.5445,621.1009
2019-01-01T10:40:10Z,10.5705,110.7445,702.3772,612.4227
2019-01-01T10:41:10Z,10.2854,122.0391,713.1285,621.1827
2019-01-01T10:42:01Z,10.3613,119.8155,714.1834,626.2764
2019-01-01T10:43:01Z,10.3441,116.6127,712.6323,622.13
2019-01-01T10:44:03Z,10.4095,116.2709,706.3466,619.0773
2019-01-01T10:45:05Z,10.5495,110.8391,690.6443,608.9627
2019-01-01T10:46:08Z,10.3632,113.6218,704.8794,615.8336
2019-01-01T10:47:09Z,9.7782,125.0227,727.1182,638.8982
2019-01-01T10:48:03Z,10.4725,116.4236,706.0647,614.6582
2019-01-01T10:49:02Z,9.7777,121.8127,714.3483,624.8482
2019-01-01T10:50:02Z,10.6165,116.3182,709.8505,620.9536
2019-01-01T10:51:01Z,9.5798,121.6345,713.8393,629.52
2019-01-01T10:52:08Z,10.5636,111.62,711.9763,617.8582
2019-01-01T10:53:04Z,10.0247,119.1773,711.5232,624.3673
2019-01-01T10:54:08Z,10.4371,116.1182,705.392,621.1573
2019-01-01T10:55:05Z,10.4334,121.5182,720.5932,624.1364
2019-01-01T10:56:04Z,9.8666,124.67,717.7306,628.5682
2019-01-01T10:57:02Z,9.5577,128.0682,731.5991,637.7273
2019-01-01T10:58:05Z,10.0085,113.1636,703.6985,617.0864
2019-01-01T10:59:07Z,10.4755,116.7245,706.7914,616.3455
2019-01-01T11:00:07Z,10.2836,122.6009,721.1203,631.2273
2019-01-01T11:01:01Z,10.4132,116.0864,705.8206,619.0509
2019-01-01T11:02:02Z,10.618,113.01,705.4071,616.9518
2019-01-01T11:03:05Z,10.4995,113.2836,701.7507,612.9909
2019-01-01T11:04:03Z,10.3225,122.5055,714.1171,623.0164
2019-01-01T11:05:09Z,10.6222,109.3709,694.1426,604.2909
2019-01-01T11:06:09Z,10.5981,112.8673,705.0308,614.9545
2019-01-01T11:07:05Z,10.6251,114.1609,711.3742,622.3454
2019-01-01T11:08:01Z,10.4397,117.2282,705.1695,615.5391
2019-01-01T11:09:01Z,10.2892,112.0155,701.6783,617.2527
2019-01-01T11:10:07Z,10.2245,117.4891,707.2514,620.3482
2019-01-01T11:11:05Z,10.5002,113.6273,701.4185,616.0609
2019-01-01T11:12:03Z,10.6285,113.9509,710.591,620.5609
2019-01-01T11:13:05Z,10.3541,119.16,717.5006,626.5382
2019-01-01T11:14:09Z,10.4425,113.2927,708.7074,616.8555
2019-01-01T11:15:03Z,10.2481,119.7345,709.8095,623.5209
2019-01-01T11:16:02Z,9.7367,122.4573,715.5366,625.6173
2019-01-01T11:17:02Z,10.5224,112.1218,701.7053,615.54
2019-01-01T11:18:08Z,10.4895,118.8309,713.4874,623.1227
2019-01-01T11:19:01Z,10.5683,115.3755,711.3031,620.6073
2019-01-01T11:20:01Z,10.618,109.5527,701.2891,609.9518
2019-01-01T11:21:05Z,10.1812,115.0427,707.4436,616.0982
2019-01-01T11:22:01Z,10.6937,111.0418,700.068,611.1618
2019-01-01T11:23:05Z,10.5448,117.0482,714.597,623.8455
2019-01-01T11:24:08Z,10.3571,122.5891,712.6861,626.1136
2019-01-01T11:25:03Z,10.2489,115.8664,707.0155,619.2455
2019-01-01T11:26:03Z,10.4579,115.7709,710.3619,622.3291
2019-01-01T11:27:08Z,10.3642,119.5309,720.4867,627.6891
2019-01-01T11:28:08Z,10.5685,116.1391,701.865,611.5064
2019-01-01T11:29:04Z,9.898,118.1582,710.7217,622.6064
2019-01-01T11:30:08Z,10.526,117.5609,708.4459,615.1736
2019-01-01T11:31:07Z,10.4518,117.8527,706.1889,621.0655
2019-01-01T11:32:01Z,10.5357,113.7664,709.2766,621.0409
2019-01-01T11:33:06Z,10.4874,115.9509,703.2171,616.5555
2019-01-01T11:34:05Z,10.0228,118.63,710.188,619.4191
2019-01-01T11:35:05Z,9.5044,127.29,730.2103,635.27
2019-01-01T11:36:10Z,10.7791,106.0509,689.9477,603.1609
2019-01-01T11:37:10Z,10.4215,116.55,706.4536,620.6755
2019-01-01T11:38:03Z,10.4807,116.7509,706.972,616.8809
2019-01-01T11:39:09Z,10.4604,117.2173,714.5408,621.7109
2019-01-01T11:40:01Z,10.1859,132.3727,729.1271,635.0691
2019-01-01T11:41:02Z,10.0977,120.14,712.2807,621.1236
2019-01-01T11:42:04Z,10.5345,113.6573,702.9173,612.6255
2019-01-01T11:43:04Z,10.1576,113.4473,705.798,615.5036
2019-01-01T11:44:04Z,10.5537,113.0945,705.9153,618.6591
2019-01-01T11:45:04Z,10.2899,116.4955,712.1096,622.9718
2019-01-01T11:46:03Z,10.4035,118.25,708.2258,621.5136
2019-01-01T11:47:05Z,10.7219,111.0918,703.7986,616.2027
2019-01-01T11:48:07Z,10.082,132.1982,720.5565,624.4927
2019-01-01T11:49:05Z,10.3263,120.91,711.1485,622.0164
2019-01-01T11:50:07Z,10.3807,113.2445,704.9366,614.48
2019-01-01T11:51:02Z,10.4946,118.8109,714.9416,624.2164
2019-01-01T11:52:03Z,10.5783,113.8818,703.1447,612.2991
2019-01-01T11:53:08Z,10.4407,114.1164,699.8165,611.4536
2019-01-01T11:54:01Z,10.7113,108.9827,701.9755,610.2491
2019-01-01T11:55:02Z,10.4376,115.6745,705.1102,615.16
2019-01-01T11:56:01Z,9.8821,122.7936,716.6642,626.5509
2019-01-01T11:57:07Z,10.0951,120.3791,713.531,625.9664
2019-01-01T11:58:04Z,10.6052,116.1518,712.7091,623.1118
2019-01-01T11:59:01Z,10.6657,111.7418,700.3354,611.07
2019-01-01T12:00:05Z,10.6343,110.1527,693.9734,610.1918
2019-01-01T12:01:04Z,10.5933,113.1082,700.9978,611.0745
2019-01-01T12:02:08Z,10.2623,121.8973,717.3448,622.0282
2019-01-01T12:03:06Z,10.7411,108.0764,703.8782,610.2209
2019-01-01T12:04:01Z,10.3604,116.8718,713.8555,627.37
2019-01-01T12:05:03Z,10.6975,113.0236,707.039,613.8673
2019-01-01T12:06:07Z,10.3295,117.1573,702.9413,614.7755
2019-01-01T12:07:02Z,10.477,112.7227,700.6758,613.1891
2019-01-01T12:08:06Z,10.403,116.6318,712.3536,615.4427
2019-01-01T12:09:01Z,10.4837,111.9664,697.103,609.5373
2019-01-01T12:10:02Z,10.374,115.4355,700.9104,613.0527
2019-01-01T12:11:09Z,10.2475,116.3864,709.2095,620.6318
2019-01-01T12:12:02Z,10.4429,115.0073,700.7926,616.2891
2019-01-01T12:13:10Z,10.5359,112.8445,697.3175,613.65
2019-01-01T12:14:08Z,10.3247,118.9918,715.171,625.1182
2019-01-01T12:15:08Z,10.5994,108.1055,688.8263,607.6045
2019-01-01T12:16:01Z,10.4802,111.1227,692.3461,612.7727
2019-01-01T12:17:02Z,10.6175,108.3136,688.8228,607.8655
2019-01-01T12:18:10Z,10.1805,121.4318,708.4425,620.9945
2019-01-01T12:19:04Z,10.444,115.75,699.7432,617.3827
2019-01-01T12:20:03Z,10.4302,116.7809,703.8449,614.98
2019-01-01T12:21:09Z,10.2601,126.2009,713.8568,624.3436
2019-01-01T12:22:08Z,10.559,113.45,697.9163,614.3364
2019-01-01T12:23:04Z,10.5597,111.4945,696.6691,605.1855
2019-01-01T12:24:08Z,10.2235,122.7645,710.915,621.9918
2019-01-01T12:25:02Z,10.3115,124.7673,712.257,622.7709
2019-01-01T12:26:02Z,10.6613,111.2973,701.1351,611.8291
2019-01-01T12:27:08Z,10.5144,111.9655,697.8319,608.5273
2019-01-01T12:28:01Z,10.467,114.9955,698.5386,616.8382
2019-01-01T12:29:03Z,11.3067,95.8909,712.5202,620.9591
2019-01-01T12:30:07Z,10.6192,111.9009,704.4205,615.8945
2019-01-01T12:31:10Z,10.8087,107.5455,699.4291,610.31
2019-01-01T12:32:10Z,10.4026,115.9118,703.8409,619.9473
2019-01-01T12:33:08Z,10.6423,109.4291,694.3357,608.9991
2019-01-01T12:34:09Z,10.5697,111.2118,696.2353,607.7591
2019-01-01T12:35:02Z,10.5118,114.3109,699.6203,609.7955
2019-01-01T12:36:03Z,10.5929,111.8282,705.8236,614.6836
2019-01-01T12:37:09Z,10.2819,120.6555,708.8104,621.0273
2019-01-01T12:38:01Z,10.4319,120.3473,706.3506,619.1118
2019-01-01T12:39:09Z,10.538,118.1482,704.5976,619.2855
2019-01-01T12:40:09Z,10.3525,121.0973,708.7841,621.7627
2019-01-01T12:41:08Z,10.3517,123.3727,717.2676,629.2245
2019-01-01T12:42:08Z,10.36,122.0736,707.9108,621.6682
2019-01-01T12:43:02Z,10.311,123.2291,720.08,633.63
2019-01-01T12:44:06Z,10.8002,107.5209,700.9421,609.1327
2019-01-01T12:45:03Z,10.3966,121.4545,708.7796,620.2036
2019-01-01T12:46:01Z,10.7247,106.1336,687.9447,602.7573
2019-01-01T12:47:05Z,10.7679,106.9664,688.0669,603.6964
2019-01-01T12:48:04Z,10.813,108.0127,700.0725,609.5964
2019-01-01T12:49:08Z,10.3272,124.2527,711.3572,621.2945
2019-01-01T12:50:10Z,10.5755,111.6927,696.1396,612.0836
2019-01-01T12:51:05Z,10.594,112.1055,693.6661,607.9973
2019-01-01T12:52:03Z,10.4494,113.5173,697.4151,615.3527
2019-01-01T12:53:09Z,10.4862,109.6882,693.162,602.5245
2019-01-01T12:54:01Z,10.3362,120.45,712.6322,626.0473
2019-01-01T12:55:09Z,10.8102,103.6918,685.3541,600.9945
2019-01-01T12:56:04Z,10.8184,106.5582,690.8752,597.5827
2019-01-01T12:57:10Z,10.4103,117.5118,706.623,608.2536
2019-01-01T12:58:04Z,10.6645,107.4591,692.2747,607.2564
2019-01-01T12:59:08Z,10.6967,107.5782,688.9448,603.1855
2019-01-01T13:00:09Z,10.4519,114.8264,699.2132,614.7909
2019-01-01T13:01:07Z,10.3711,123.3973,709.9515,622.94
2019-01-01T13:02:10Z,10.6824,110.6491,691.9294,603.3855
2019-01-01T13:03:01Z,10.3705,114.6582,698.7958,609.0964
2019-01-01T13:04:06Z,10.6564,108.5691,693.0889,607.8209
2019-01-01T13:05:01Z,10.7405,108.4945,689.6234,604.4609
2019-01-01T13:06:04Z,10.7514,107.0964,690.8573,607.15
2019-01-01T13:07:08Z,10.2057,121.17,707.9258,621.6736
2019-01-01T13:08:04Z,10.6395,110.0818,702.4428,614.2282
2019-01-01T13:09:05Z,10.6339,108.4727,696.4894,614.4182
2019-01-01T13:10:07Z,10.6795,108.6664,692.4856,608.7455
2019-01-01T13:11:05Z,10.629,108.4855,691.7496,605.6191
2019-01-01T13:12:03Z,10.7133,108.7655,690.0803,602.2455
2019-01-01T13:13:04Z,10.8002,103.8909,685.1969,599.4918
2019-01-01T13:14:10Z,10.5529,117.6655,705.9747,616.6045
2019-01-01T13:15:03Z,10.2283,125.6191,717.7313,629.2173
2019-01-01T13:16:06Z,10.5671,116.7873,705.315,613.2036
2019-01-01T13:17:01Z,10.6505,115.8064,704.4724,614.1945
2019-01-01T13:18:01Z,10.7405,107.4127,688.7247,604.56
2019-01-01T13:19:09Z,10.4449,112.2545,697.6083,612.88
2019-01-01T13:20:03Z,10.5172,113.3073,708.3406,619.8009
2019-01-01T13:21:07Z,10.4043,115.1182,710.1434,625.2027
2019-01-01T13:22:07Z,10.4913,113.28,707.6899,620.8736
2019-01-01T13:23:07Z,10.4314,112.8527,693.6895,612.1618
2019-01-01T13:24:03Z,10.2565,123.7845,716.7944,629.0055
2019-01-01T13:25:07Z,10.5055,116.9418,715.2473,628.4936
2019-01-01T13:26:04Z,10.6936,108.9955,690.8502,605.2627
2019-01-01T13:27:07Z,10.4616,117.8009,706.8395,616.6082
2019-01-01T13:28:03Z,10.0581,135.8291,724.4599,628.8145
2019-01-01T13:29:05Z,10.5025,119.0336,707.2515,620.2036
2019-01-01T13:30:02Z,10.7236,106.8691,692.0078,606.3127
2019-01-01T13:31:01Z,10.5081,111.59,693.7766,610.4427
2019-01-01T13:32:03Z,10.6709,107.5755,693.5011,606.7773
2019-01-01T13:33:08Z,10.3693,122.2227,714.0532,624.4691
2019-01-01T13:34:09Z,10.7248,105.5818,689.9475,604.5945
2019-01-01T13:35:07Z,10.651,108.2118,689.9112,603.3536
2019-01-01T13:36:01Z,10.3201,121.1636,713.1656,628.6691
2019-01-01T13:37:02Z,10.6041,111.7027,703.3798,615.24
2019-01-01T13:38:08Z,10.6159,109.1864,692.5252,610.1827
2019-01-01T13:39:07Z,10.7175,107.5991,692.3206,602.4882
2019-01-01T13:40:02Z,10.2593,116.6455,701.4672,609.8382
2019-01-01T13:41:01Z,10.5371,110.1255,694.128,612
2019-01-01T13:42:02Z,10.571,112.1473,707.1134,615.4
2019-01-01T13:43:07Z,10.5055,107.5845,691.6559,601.0855
2019-01-01T13:44:03Z,10.5151,112.1709,696.6528,613.7491
2019-01-01T13:45:04Z,10.6463,110.5273,701.9092,612.6782
2019-01-01T13:46:02Z,10.1165,128.7664,718.0164,626.1364
2019-01-01T13:47:07Z,10.6314,108.1491,690.4434,608.4891
2019-01-01T13:48:01Z,10.5336,111.0545,703.314,615.0336
2019-01-01T13:49:03Z,10.9223,105.5264,694.8681,611.2636
2019-01-01T13:50:02Z,10.6156,111.4218,709.0714,620.2727
2019-01-01T13:51:01Z,10.7358,110.0009,700.7962,607.6118
2019-01-01T13:52:07Z,10.7258,106.6555,695.7695,606.64
2019-01-01T13:53:10Z,10.5412,113.6791,700.0013,609.7309
2019-01-01T13:54:10Z,10.4815,113.5918,698.9534,615.3709
2019-01-01T13:55:04Z,10.5132,113.8818,710.9939,622.3754
2019-01-01T13:56:04Z,10.751,107.1627,692.0602,602.2764
2019-01-01T13:57:10Z,10.493,115.7009,708.094,621.4909
2019-01-01T13:58:02Z,10.5788,112.4464,707.8087,616.7427
2019-01-01T13:59:02Z,10.4219,118.6564,717.3666,632.4427
2019-01-01T14:00:09Z,10.6726,109.4336,702.2043,613.2691
2019-01-01T14:01:05Z,10.5269,114.3518,710.3135,621.3818
2019-01-01T14:02:05Z,10.598,109.9991,694.363,607.8527
2019-01-01T14:03:01Z,10.5106,118.9891,707.7218,619.1218
2019-01-01T14:04:06Z,10.7241,107.9845,696.7501,612.5791
2019-01-01T14:05:08Z,10.4558,113.9127,703.6855,617.5227
2019-01-01T14:06:02Z,10.6485,110.3218,699.1556,615.1355
2019-01-01T14:07:10Z,10.6479,110.0745,695.1609,610.0209
2019-01-01T14:08:08Z,10.547,109.0809,702.3135,614.8745
2019-01-01T14:09:01Z,10.4424,117.8673,710.2708,623.8118
2019-01-01T14:10:03Z,10.6343,110.3909,706.2547,619.0055
2019-01-01T14:11:02Z,10.3966,109.7482,693.0745,602.4273
2019-01-01T14:12:02Z,10.9187,107.2609,698.0638,604.3091
2019-01-01T14:13:09Z,10.5932,111.2291,702.2745,612.6745
2019-01-01T14:14:07Z,10.6871,108.7364,697.8708,610.1727
2019-01-01T14:15:10Z,10.5474,114.8,701.9532,613.6691
2019-01-01T14:16:10Z,10.5552,114.4436,701.6554,614.1809
2019-01-01T14:17:08Z,10.3544,117.0673,702.059,619.6609
2019-01-01T14:18:05Z,10.4516,116.0373,704.8295,614.5045
2019-01-01T14:19:06Z,10.4042,118.9764,709.7783,618.57
2019-01-01T14:20:06Z,10.2389,116.6045,702.1897,616.5918
2019-01-01T14:21:08Z,10.3871,116.5555,701.8697,619.3664
2019-01-01T14:22:02Z,10.357,120.7473,713.554,622.5282
2019-01-01T14:23:08Z,10.4666,116.9909,715.4963,625.5318
2019-01-01T14:24:08Z,10.3189,116.2382,701.8281,621.2918
2019-01-01T14:25:09Z,10.6602,109.6718,698.2782,610.1845
2019-01-01T14:26:10Z,10.4821,111.8491,706.7183,616.3182
2019-01-01T14:27:01Z,10.5215,115.5345,703.3961,610.4409
2019-01-01T14:28:07Z,10.221,123.0373,719.1456,631.5973
2019-01-01T14:29:04Z,10.6466,108.32,700.7326,601.6373
2019-01-01T14:30:02Z,10.3096,115.6345,694.6022,610.0045
2019-01-01T14:31:07Z,10.5383,110.6036,705.0656,621.2936
2019-01-01T14:32:09Z,10.4773,112.2782,695.6495,614.9255
2019-01-01T14:33:06Z,10.6525,108.7955,703.5445,616.6809
2019-01-01T14:34:10Z,10.3193,114.5609,693.1915,616.1964
2019-01-01T14:35:07Z,10.4473,114.3636,700.0975,616.2455
2019-01-01T14:36:06Z,10.4387,110.7482,688.5728,607.5609
2019-01-01T14:37:10Z,10.2848,110.85,693.0168,608.2927
2019-01-01T14:38:04Z,10.2599,121.5473,711.0746,630.5391
2019-01-01T14:39:04Z,10.4317,113.4727,698.6089,615.07
2019-01-01T14:40:08Z,10.253,118.7555,707.6591,625.17
2019-01-01T14:41:07Z,10.618,112.3355,702.3595,621.4209
2019-01-01T14:42:03Z,10.5449,109.8445,693.5482,612.1136
2019-01-01T14:43:07Z,10.508,111.5873,706.4706,620.6
2019-01-01T14:44:04Z,10.5106,111.4464,697.9464,609.4491
2019-01-01T14:45:01Z,10.7179,107.0145,692.6112,609.1464
2019-01-01T14:46:05Z,10.3093,120.2418,711.3653,617.5182
2019-01-01T14:47:03Z,10.3993,117.8145,706.7198,617.9727
2019-01-01T14:48:02Z,10.7073,107.1673,696.4393,607.29
2019-01-01T14:49:09Z,10.45,110.85,688.9512,606.7327
2019-01-01T14:50:01Z,10.5383,111.0391,693.7743,608.6746
2019-01-01T14:51:01Z,10.4144,116.1255,703.9883,624.53
2019-01-01T14:52:03Z,10.678,106.8709,693.111,609.7473
2019-01-01T14:53:07Z,10.5632,113.0091,705.6528,620.4891
2019-01-01T14:54:01Z,10.6115,110.3218,699.7254,613.9027
2019-01-01T14:55:09Z,10.4593,112.7136,702.6358,615.2027
2019-01-01T14:56:05Z,10.4995,113.6055,705.2359,613.1155
2019-01-01T14:57:06Z,10.5755,111.2155,695.2545,612.1882
2019-01-01T14:58:04Z,10.4097,113.8118,699.2815,620.6382
2019-01-01T14:59:10Z,10.2392,120.5736,709.4326,629.1091
2019-01-01T15:00:04Z,10.4187,112.9182,699.8936,614.6945
2019-01-01T15:01:09Z,10.6882,107.9445,693.8136,610.1855
2019-01-01T15:02:05Z,10.4047,118.7091,706.7877,621.1927
2019-01-01T15:03:01Z,10.3165,118.2018,706.3627,617.8755
2019-01-01T15:04:02Z,10.5575,110.2364,694.3193,611.5745
2019-01-01T15:05:02Z,10.4521,114.4118,701.481,610.4873
2019-01-01T15:06:09Z,10.3217,120.0309,709.2031,628.8536
2019-01-01T15:07:06Z,10.4402,113.6845,695.7061,610.5555
2019-01-01T15:08:07Z,10.3441,117.2473,701.3667,616.1073
2019-01-01T15:09:05Z,10.5171,109.2664,699.1135,612.7691
2019-01-01T15:10:04Z,10.4594,114.9009,696.3084,612.8636
2019-01-01T15:11:03Z,10.3908,113.4964,707.0714,615.5882
2019-01-01T15:12:08Z,10.3694,113.8391,691.9304,608.7891
2019-01-01T15:13:04Z,10.4326,111.8864,690.0474,607.4455
2019-01-01T15:14:01Z,10.4475,115.2791,701.5854,613.7409
2019-01-01T15:15:04Z,10.4328,111.5436,689.4296,607.0664
2019-01-01T15:16:05Z,10.6601,107.4909,693.0849,609.49
2019-01-01T15:17:02Z,10.6068,113.1318,702.7485,613.6936
2019-01-01T15:18:05Z,10.4087,116.3155,702.8441,615.8645
2019-01-01T15:19:10Z,10.6894,106.1173,692.0133,610.1455
2019-01-01T15:20:07Z,10.0941,127.6309,716.4793,627.9364
2019-01-01T15:21:10Z,10.532,114.6609,705.1028,618.8064
2019-01-01T15:22:03Z,10.438,116.9709,705.2396,625.8409
2019-01-01T15:23:03Z,10.5145,113.1109,707.6275,620.29
2019-01-01T15:24:08Z,10.4185,113.9191,699.572,615.4964
2019-01-01T15:25:08Z,10.5392,115.7073,714.0928,628.4509
2019-01-01T15:26:10Z,10.713,109.4673,704.5377,620.9573
2019-01-01T15:27:03Z,10.4432,115.6245,698.1318,608.7664
2019-01-01T15:28:03Z,10.3736,119.0636,706.9526,620.5436
2019-01-01T15:29:06Z,10.5698,112.6773,699.0677,609.9736
2019-01-01T15:30:06Z,10.4673,116.1845,702.1216,615.9991
2019-01-01T15:31:01Z,10.4999,113.4218,698.6823,610.91
2019-01-01T15:32:05Z,10.3976,113.7136,698.7012,617.6382
2019-01-01T15:33:05Z,10.6188,110.2191,694.0622,608.1209
2019-01-01T15:34:06Z,10.5593,111.0627,696.3894,609.3582
2019-01-01T15:35:01Z,10.3973,112.5264,699.5875,613.1936
2019-01-01T15:36:08Z,10.4393,114.1127,700.3666,612.9127
2019-01-01T15:37:07Z,10.5481,113.0391,698.5997,613.9018
2019-01-01T15:38:01Z,10.3986,118.91,708.6713,618.5427
2019-01-01T15:39:06Z,10.464,114.0455,698.6208,616.6209
2019-01-01T15:40:03Z,10.3676,120.6491,710.3454,617.4627
2019-01-01T15:41:06Z,10.3332,118.7991,702.5621,616.5845
2019-01-01T15:42:07Z,10.4705,112.8673,697.2967,619.0945
2019-01-01T15:43:06Z,10.6235,109.9818,694.6006,609.41
2019-01-01T15:44:05Z,10.2506,115.7645,703.0075,617.4336
2019-01-01T15:45:06Z,10.0764,127.2291,719.3141,631.7709
2019-01-01T15:46:05Z,10.5277,110.3645,698.2187,615.6818
2019-01-01T15:47:10Z,10.6737,109.4255,698.4164,613.3591
2019-01-01T15:48:06Z,10.4143,117.7918,707.1077,616.4655
2019-01-01T15:49:03Z,10.4523,114.8836,700.5929,617.7127
2019-01-01T15:50:09Z,10.4436,114.6536,702.5118,617.9145
2019-01-01T15:51:10Z,10.2641,120.1409,711.1509,622.8936
2019-01-01T15:52:02Z,10.3421,117.3073,704.8023,619.7764
2019-01-01T15:53:10Z,10.4529,114.0318,699.8603,610.5545
2019-01-01T15:54:09Z,10.2805,121.3227,712.0853,630.6173
2019-01-01T15:55:06Z,10.6571,108.0009,697.1624,618.9709
2019-01-01T15:56:02Z,10.4125,112.8073,697.4434,618.9927
2019-01-01T15:57:01Z,10.4318,115.3909,702.308,613.1709
2019-01-01T15:58:04Z,10.4875,113.4991,701.6712,616.0473
2019-01-01T15:59:02Z,10.5217,112.9418,698.8838,611.2764
2019-01-01T16:00:07Z,10.3206,114.9364,702.639,622.7491
2019-01-01T16:01:01Z,10.2103,116.1282,703.5129,618.9382
2019-01-01T16:02:10Z,10.2255,118.3909,698.4816,620.9509
2019-01-01T16:03:01Z,10.4576,113.1473,694.5057,610.6418
2019-01-01T16:04:04Z,10.4555,113.0155,697.599,617.5991
2019-01-01T16:05:07Z,10.385,116.7618,703.0482,616.48
2019-01-01T16:06:02Z,10.4622,115.88,702.9374,614.9991
2019-01-01T16:07:03Z,10.5375,113.1945,702.5075,617.5064
2019-01-01T16:08:04Z,10.2189,121.6327,706.4354,620.2518
2019-01-01T16:09:02Z,10.5307,113.5982,699.062,616.6255
2019-01-01T16:10:10Z,10.2874,120.2018,708.8333,620.6055
2019-01-01T16:11:03Z,10.5445,110.7364,691.9095,603.11
2019-01-01T16:12:10Z,10.2923,114.4536,699.6381,615.2509
2019-01-01T16:13:04Z,10.4396,114.2409,700.2864,618.0764
2019-01-01T16:14:09Z,10.6372,111.6645,702.0748,618.0536
2019-01-01T16:15:02Z,10.3775,117.4155,705.4338,617.2882
2019-01-01T16:16:05Z,10.2665,117.5782,703.6772,623.0718
2019-01-01T16:17:07Z,10.5029,112.25,693.7586,605.9036
2019-01-01T16:18:10Z,10.4836,113.7264,701.3999,614.0727
2019-01-01T16:19:07Z,10.4105,114.6482,701.8065,610.9945
2019-01-01T16:20:01Z,10.3983,117.5764,706.1595,614.4236
2019-01-01T16:21:08Z,10.3706,113.6145,693.0783,610.1736
2019-01-01T16:22:01Z,10.5252,111.8182,708.5083,615.8473
2019-01-01T16:23:07Z,10.4065,117.1273,702.4329,612.8964
2019-01-01T16:24:07Z,10.1643,123.3427,715.2528,628.3527
2019-01-01T16:25:08Z,10.2727,115.9891,703.0766,618.0636
2019-01-01T16:26:01Z,10.6024,109.9745,690.4449,603.9709
2019-01-01T16:27:08Z,10.1571,118.7609,706.7607,622.2427
2019-01-01T16:28:03Z,10.4198,114.4355,699.8168,621.6927
2019-01-01T16:29:05Z,10.589,109.98,696.326,610.7891
2019-01-01T16:30:04Z,10.2753,117.28,705.3121,618.1164
2019-01-01T16:31:02Z,10.3451,118.7918,707.7174,618.42
2019-01-01T16:32:09Z,10.3286,113.9755,692.6949,614.7945
2019-01-01T16:33:09Z,10.567,111.6918,692.9534,608.12
2019-01-01T16:34:04Z,10.326,116.1009,702.9816,618.3364
2019-01-01T16:35:09Z,10.6508,110.0436,695.9504,610.0409
2019-01-01T16:36:05Z,10.4222,114.1927,698.1941,613.3891
2019-01-01T16:37:01Z,10.3557,119.2955,708.3643,628.8636
2019-01-01T16:38:06Z,10.7345,106.7036,692.731,610.2682
2019-01-01T16:39:09Z,10.5155,112.2691,696.6503,612.1264
2019-01-01T16:40:03Z,10.3143,115.5718,702.5669,615.5991
2019-01-01T16:41:06Z,10.3091,121.4882,712.8663,619.4909
2019-01-01T16:42:06Z,10.4636,113.01,699.59,609.6573
2019-01-01T16:43:09Z,10.5873,110.1118,703.5656,616.1045
2019-01-01T16:44:02Z,10.4798,111.2891,695.5215,608.4873
2019-01-01T16:45:08Z,10.3395,118.0436,702.2852,612.67
2019-01-01T16:46:07Z,10.1775,121.1309,705.8254,615.0427
2019-01-01T16:47:02Z,10.3955,112.9473,697.9774,613.0145
2019-01-01T16:48:08Z,10.5259,111.2682,691.6972,609.7173
2019-01-01T16:49:09Z,10.373,114.7882,694.2001,611.4118
2019-01-01T16:50:08Z,10.4286,113.8845,692.2174,610.0382
2019-01-01T16:51:07Z,10.4477,112.7882,693.5896,605.5936
2019-01-01T16:52:01Z,10.3245,121.2991,712.4811,626.5491
2019-01-01T16:53:05Z,10.4087,114.1455,699.8037,617.8882
2019-01-01T16:54:04Z,10.2222,117.2673,703.1908,619.01
2019-01-01T16:55:03Z,10.5397,111.6009,697.9514,608.9036
2019-01-01T16:56:09Z,10.13,119.8045,707.4275,622.3882
2019-01-01T16:57:09Z,10.2252,119.3391,708.1306,618.19
2019-01-01T16:58:08Z,10.3891,113.6482,692.5751,613.5191
2019-01-01T16:59:06Z,10.5968,111.7664,697.1326,614.9327
2019-01-01T17:00:07Z,10.2811,117.8309,705.5982,619.0618
2019-01-01T17:01:09Z,10.2043,119.1082,699.3423,616.7927
2019-01-01T17:02:05Z,10.3142,116.7227,704.7489,617.7618
2019-01-01T17:03:04Z,10.4325,113.8418,700.5342,608.8064
2019-01-01T17:04:01Z,10.4437,111.6727,695.4867,609.9309
2019-01-01T17:05:07Z,10.2857,114.8282,692.63,612.7718
2019-01-01T17:06:03Z,10.4286,114.2518,699.3135,614.23
2019-01-01T17:07:07Z,10.3151,124.2045,715.7954,625.27
2019-01-01T17:08:05Z,10.1687,118.4755,705.6015,620.2973
2019-01-01T17:09:09Z,10.4016,113.3818,698.6921,615.2391
2019-01-01T17:10:05Z,10.4548,112.1882,690.4943,611.2555
2019-01-01T17:11:08Z,10.4242,117.0245,705.7783,622.3518
2019-01-01T17:12:07Z,10.3719,116.9491,694.183,615.4118
2019-01-01T17:13:10Z,10.3765,119.2427,710.4897,625.8836
2019-01-01T17:14:07Z,10.5399,111.1627,695.619,615.8436
2019-01-01T17:15:02Z,10.5059,115.4318,701.8826,614.3073
2019-01-01T17:16:08Z,10.423,116.1836,703.6863,615.98
2019-01-01T17:17:07Z,10.1011,119.4973,707.4932,619.2591
2019-01-01T17:18:03Z,10.406,113.8891,698.3886,614.7973
2019-01-01T17:19:10Z,10.1847,118.2145,705.7497,621.3964
2019-01-01T17:20:03Z,10.4197,116.3609,695.5345,614.8727
2019-01-01T17:21:02Z,10.3068,121.0473,712.5929,625.3982
2019-01-01T17:22:07Z,10.6586,110.48,695.7171,609.0227
2019-01-01T17:23:03Z,10.4853,111.9345,696.2277,612.9818
2019-01-01T17:24:08Z,10.3133,116.4918,696.1856,615.0618
2019-01-01T17:25:09Z,10.3365,116.4373,702.3733,619.5882
2019-01-01T17:26:07Z,10.4584,113.4427,695.1537,610.9591
2019-01-01T17:27:06Z,10.3999,118.8582,705.9993,620.2182
2019-01-01T17:28:09Z,10.359,117.55,706.4798,620.8227
2019-01-01T17:29:04Z,10.5522,111.5227,696.5133,612.7691
2019-01-01T17:30:09Z,10.9093,109.1882,712.4633,623.4027
2019-01-01T17:31:02Z,10.4143,115.2173,700.9804,615.1909
2019-01-01T17:32:04Z,10.3226,118.8545,703.9745,614.4182
2019-01-01T17:33:07Z,10.3314,114.6009,692.9679,610.4318
2019-01-01T17:34:05Z,10.5787,113.0818,698.4831,615.6636
2019-01-01T17:35:07Z,10.4075,116.4609,702.5685,619.0118
2019-01-01T17:36:02Z,10.7396,106.2655,690.7443,607.11
2019-01-01T17:37:06Z,10.4054,114.1127,698.1149,614.8418
2019-01-01T17:38:09Z,10.4246,117.5173,704.7989,615.69
2019-01-01T17:39:09Z,10.4126,115.8564,696.286,610.5218
2019-01-01T17:40:06Z,10.176,121.1582,711.8361,626.4436
2019-01-01T17:41:01Z,10.4337,115.14,702.3373,615.9573
2019-01-01T17:42:06Z,10.3255,120.3382,707.9771,619.4427
2019-01-01T17:43:06Z,10.4571,117.1582,698.6539,609.3291
2019-01-01T17:44:04Z,10.7107,107.5182,702.1416,614.7491
2019-01-01T17:45:10Z,10.285,118.8727,698.1145,616.0691
2019-01-01T17:46:07Z,10.7739,113.1573,717.1818,622.1618
2019-01-01T17:47:02Z,10.6582,114.0918,716.1089,623.9518
2019-01-01T17:48:03Z,10.3805,115.3991,694.1685,614.9182
2019-01-01T17:49:07Z,10.4309,114.8609,704.9691,618.2909
2019-01-01T17:50:03Z,10.5063,120.0373,723.7423,631.0882
2019-01-01T17:51:10Z,10.4346,118.2364,708.7539,623.2973
2019-01-01T17:52:02Z,10.4504,112.6709,698.0355,614.3318
2019-01-01T17:53:08Z,10.2935,121.5273,711.2233,624.2391
2019-01-01T17:54:06Z,10.378,118.2264,705.5518,620.7291
2019-01-01T17:55:02Z,10.4803,116.1609,702.3876,615.4582
2019-01-01T17:56:01Z,10.7232,112.1418,711.9904,620.3545
2019-01-01T17:57:04Z,10.492,117.0091,702.7761,613.8409
2019-01-01T17:58:06Z,10.617,111.2373,695.7201,609.3673
2019-01-01T17:59:04Z,10.8915,109.8427,711.1231,619.4064
2019-01-01T18:00:05Z,10.3395,118.0536,703.7833,619.1209
2019-01-01T18:01:06Z,10.4202,116.4436,701.9966,612.6527
2019-01-01T18:02:03Z,10.3975,120.0645,710.4212,622.3327
2019-01-01T18:03:07Z,10.283,119.1845,706.9885,619.7764
2019-01-01T18:04:02Z,10.3798,118.9609,708.9765,625.1518
2019-01-01T18:05:03Z,10.2446,123.3609,711.1849,616.91
2019-01-01T18:06:06Z,10.3855,114.2527,698.5775,614.9409
2019-01-01T18:07:08Z,10.9193,108.9164,708.5017,623.4555
2019-01-01T18:08:02Z,10.4411,115.4509,699.716,618.2627
2019-01-01T18:09:07Z,10.5705,118.7173,723.6815,636.2836
2019-01-01T18:10:07Z,10.6295,111.4336,692.6596,608.2736
2019-01-01T18:11:02Z,10.489,119.77,724.3738,637.0109
2019-01-01T18:12:04Z,10.5153,112.9827,697.4802,609.8255
2019-01-01T18:13:10Z,10.3764,115.6755,694.8311,615.5473
2019-01-01T18:14:10Z,10.5448,113.8118,701.2026,607.1145
2019-01-01T18:15:02Z,10.5331,115.3291,699.8594,614.3691
2019-01-01T18:16:09Z,10.4094,119.1873,705.769,614.5955
2019-01-01T18:17:09Z,10.6029,112.2173,696.9079,609.3682
2019-01-01T18:18:02Z,10.2851,120.5855,707.3173,622.8555
2019-01-01T18:19:10Z,10.4233,117.8173,705.605,622.8273
2019-01-01T18:20:08Z,10.4965,116.2364,701.7836,617.6136
2019-01-01T18:21:09Z,10.0746,127.4391,714.0256,621.4109
2019-01-01T18:22:08Z,10.5396,115.8082,706.8454,620.9655
2019-01-01T18:23:10Z,10.479,115.01,699.8499,613.4518
2019-01-01T18:24:04Z,10.4929,114.8509,699.2503,610.3245
2019-01-01T18:25:04Z,10.3486,115.22,696.5653,609.04
2019-01-01T18:26:07Z,10.692,115.6136,718.8301,630.1173
2019-01-01T18:27:03Z,10.629,117.03,717.7501,623.4845
2019-01-01T18:28:08Z,10.6403,115.0991,713.8462,625.4955
2019-01-01T18:29:09Z,10.4504,112.2236,696.7981,613.5236
2019-01-01T18:30:09Z,10.4896,120.0564,728.6046,637.8373
2019-01-01T18:31:10Z,10.5028,115.0127,702.1842,617.8509
2019-01-01T18:32:01Z,10.4716,117.6027,707.7555,619.2082
2019-01-01T18:33:01Z,10.7404,107.2045,696.9801,608.1736
2019-01-01T18:34:10Z,10.4944,114.7282,699.0575,614.8373
2019-01-01T18:35:10Z,10.3992,113.5455,698.6191,615.4145
2019-01-01T18:36:08Z,10.7426,113.8418,717.9711,625.6264
2019-01-01T18:37:05Z,10.7785,112.9491,714.258,625.6882
2019-01-01T18:38:09Z,10.2918,122.5091,709.9225,615.8445
2019-01-01T18:39:03Z,10.3367,120.0855,708.6296,620.1991
2019-01-01T18:40:03Z,10.4488,117.6645,703.6637,612.3964
2019-01-01T18:41:08Z,10.2105,118.0727,704.7782,620.1991
2019-01-01T18:42:01Z,10.2716,118.3509,705.7793,621.9545
2019-01-01T18:43:04Z,10.4605,116.2864,704.9721,616.5418
2019-01-01T18:44:02Z,10.2646,118.9164,705.1834,621.2118
2019-01-01T18:45:01Z,10.6624,112.0727,710.3022,622.0627
2019-01-01T18:46:05Z,10.2845,115.0827,701.7846,616.7664
2019-01-01T18:47:09Z,10.4353,114.0855,694.711,612.0355
2019-01-01T18:48:03Z,10.483,114.1309,703.7817,619.2536
2019-01-01T18:49:10Z,10.3953,116.3591,693.6322,610.95
2019-01-01T18:50:10Z,10.4164,119.1727,705.4783,618.0409
2019-01-01T18:51:06Z,10.4425,114.93,701.6563,617.6055
2019-01-01T18:52:10Z,10.7118,114.3827,717.8424,622.6936
2019-01-01T18:53:08Z,10.4385,119.2836,706.1682,614.2073
2019-01-01T18:54:10Z,10.3074,114.9709,699.4105,615.0982
2019-01-01T18:55:08Z,10.5823,109.95,698.6174,613.4764
2019-01-01T18:56:01Z,10.1005,127.18,719.8873,630.1364
2019-01-01T18:57:03Z,10.3895,113.1673,697.2055,616.1364
2019-01-01T18:58:07Z,11.0049,108.7555,708.7122,618.5791
2019-01-01T18:59:10Z,10.902,108.72,708.3609,620.24
2019-01-01T19:00:06Z,10.2459,120.5573,705.0071,616.4845
2019-01-01T19:01:10Z,10.5364,113.6336,694.9354,611.9391
2019-01-01T19:02:10Z,10.3761,115.5791,701.9163,617.0345
2019-01-01T19:03:07Z,10.536,112.6691,709.3212,620.9573
2019-01-01T19:04:08Z,10.4771,115.8582,700.0825,614.6282
2019-01-01T19:05:09Z,10.6066,115.0655,713.7802,622.3018
2019-01-01T19:06:05Z,10.8472,111.6991,716.9043,627.7145
2019-01-01T19:07:09Z,10.4641,116.5791,703.9885,617.32
2019-01-01T19:08:06Z,10.3616,119.0036,706.3276,612.7009
2019-01-01T19:09:03Z,10.44,112.3764,696.1876,611.1355
2019-01-01T19:10:02Z,10.4983,115.8473,701.3928,614.7864
2019-01-01T19:11:09Z,10.5541,117.8591,718.3794,629.9973
2019-01-01T19:12:06Z,10.5905,114.0564,715.4112,623.5636
2019-01-01T19:13:08Z,10.8245,110.4682,711.2455,621.7564
2019-01-01T19:14:09Z,10.3622,118.0664,705.1861,616.89
2019-01-01T19:15:03Z,10.3437,120.5973,709.4542,622.7273
2019-01-01T19:16:03Z,10.6435,113.68,701.3118,615.4036
2019-01-01T19:17:08Z,10.5681,113.7582,698.3434,612.6036
2019-01-01T19:18:02Z,10.6015,115.7564,719.1065,630.1609
2019-01-01T19:19:08Z,10.7111,113.7145,712.0383,621.2755
2019-01-01T19:20:08Z,10.7305,112.5155,715.0605,625.3073
2019-01-01T19:21:10Z,10.5665,110.59,690.451,609.3064
2019-01-01T19:22:07Z,10.7637,109.3591,706.1961,614.3709
2019-01-01T19:23:08Z,11.0597,108.1073,729.4365,632.0473
2019-01-01T19:24:02Z,10.7968,112.6336,709.6175,618.4818
2019-01-01T19:25:08Z,10.4969,115.8182,700.7162,613.5209
2019-01-01T19:26:01Z,10.4941,114.4155,698.7973,616.1973
2019-01-01T19:27:01Z,10.42,116.13,699.6775,609.4973
2019-01-01T19:28:04Z,10.5354,120.3036,727.007,636.1309
2019-01-01T19:29:09Z,10.6408,116.7864,720.2989,629.0873
2019-01-01T19:30:08Z,10.3939,116.3627,700.3407,612.78
2019-01-01T19:31:06Z,10.8036,118.2382,736.0472,642.3273
2019-01-01T19:32:01Z,10.2108,124.9218,717.1306,625.61
2019-01-01T19:33:06Z,10.7609,111.1373,707.6626,618.1018
2019-01-01T19:34:05Z,10.3142,117.3145,704.0336,617.98
2019-01-01T19:35:10Z,10.6946,113.5845,715.7208,623.0245
2019-01-01T19:36:06Z,10.7678,112.77,716.0247,630.6764
2019-01-01T19:37:01Z,10.6988,115.2536,717.5798,624.1136
2019-01-01T19:38:02Z,10.4294,114.1191,690.2055,605.1609
2019-01-01T19:39:05Z,10.4896,115.2264,703.1656,611.43
2019-01-01T19:40:04Z,10.5455,118.8982,724.5685,633.3136
2019-01-01T19:41:04Z,10.5095,114.5318,700.7964,613.6673
2019-01-01T19:42:02Z,10.6233,109.8573,699.3925,611.5609
2019-01-01T19:43:07Z,10.5113,114.6882,701.1433,611.2073
2019-01-01T19:44:08Z,10.6852,107.2364,691.1541,609.7009
2019-01-01T19:45:07Z,10.4706,120.1227,726.5409,631.6664
2019-01-01T19:46:05Z,10.4763,114.8436,696.7907,615.26
2019-01-01T19:47:01Z,10.3418,120.9273,703.3515,616.9664
2019-01-01T19:48:05Z,10.4843,113.5964,703.5042,620.8864
2019-01-01T19:49:07Z,10.3122,118.1345,704.6482,619.0173
2019-01-01T19:50:04Z,10.5916,118.2891,714.0621,626.8564
2019-01-01T19:51:06Z,10.4751,119.7664,726.3288,631.2527
2019-01-01T19:52:07Z,10.4768,113.4391,699.7357,618.2318
2019-01-01T19:53:02Z,10.7219,114.5727,716.0102,624.7109
2019-01-01T19:54:08Z,10.665,113.91,713.7754,622.6591
2019-01-01T19:55:10Z,10.6115,117.6345,715.7387,629.2973
2019-01-01T19:56:09Z,10.6985,115.8973,715.0356,624.74
2019-01-01T19:57:03Z,10.8255,111.6964,711.5433,625.6218
2019-01-01T19:58:05Z,10.6755,117.1082,716.0485,623.57
2019-01-01T19:59:01Z,10.5799,112.3218,695.9906,611.4273
2019-01-01T20:00:05Z,10.4914,112.8245,694.9286,614.11
2019-01-01T20:01:01Z,10.6408,108.0582,691.8494,610.1709
2019-01-01T20:02:08Z,10.0622,124.0618,726.954,634.0909
2019-01-01T20:03:07Z,10.4788,114.04,701.4417,614.5564
2019-01-01T20:04:05Z,10.3682,124.2073,728.6203,632.7164
2019-01-01T20:05:07Z,10.4649,115.86,697.9633,614.1373
2019-01-01T20:06:03Z,10.3509,118.9355,705.9604,619.1891
2019-01-01T20:07:10Z,10.3685,121.4618,713.986,622.3254
2019-01-01T20:08:05Z,10.3937,118.9318,710.2639,616.8427
2019-01-01T20:09:07Z,10.2392,120.1027,705.7308,621.7009
2019-01-01T20:10:02Z,10.6783,107.8991,687.7895,601.38
2019-01-01T20:11:04Z,10.4468,117.1691,715.3315,625.5091
2019-01-01T20:12:02Z,10.224,124.16,710.5874,622.5564
2019-01-01T20:13:05Z,10.1817,129.0182,713.2115,622.6127
2019-01-01T20:14:07Z,10.4306,117.0773,700.3909,617.1745
2019-01-01T20:15:10Z,10.5866,110.92,696.8933,610.2145
2019-01-01T20:16:05Z,10.7701,111.2136,710.7058,625.1473
2019-01-01T20:17:04Z,10.0174,125.6618,710.2869,622.2382
2019-01-01T20:18:05Z,10.4266,119.14,701.6592,617.6191
2019-01-01T20:19:04Z,10.3831,120.4236,713.3555,625.3664
2019-01-01T20:20:02Z,10.6207,111.3191,694.0357,609.8409
2019-01-01T20:21:10Z,10.531,115.35,702.9908,615.9345
2019-01-01T20:22:01Z,10.5938,114.3336,703.7768,614.8055
2019-01-01T20:23:07Z,10.0467,121.8918,725.0478,635.4745
2019-01-01T20:24:03Z,10.3522,123.4036,726.7653,634.6191
2019-01-01T20:25:08Z,10.4367,115.4227,700.3644,618.9436
2019-01-01T20:26:01Z,10.7315,114.6191,717.481,624.7364
2019-01-01T20:27:09Z,10.8079,112.0609,711.417,621.1182
2019-01-01T20:28:02Z,10.5231,117.6173,719.5366,628.2791
2019-01-01T20:29:09Z,10.2264,122.6345,704.9085,614.9964
2019-01-01T20:30:03Z,10.4756,122.6491,726.3777,640.5318
2019-01-01T20:31:05Z,10.6189,111.5955,707.5939,618.6855
2019-01-01T20:32:03Z,10.7023,113.4073,717.615,632.0991
2019-01-01T20:33:04Z,10.0338,128.2164,711.7827,621.7909
2019-01-01T20:34:04Z,10.5761,114.4364,718.526,626.8354
2019-01-01T20:35:06Z,10.6842,114.9636,717.8561,627.7555
2019-01-01T20:36:04Z,10.2706,121.3627,709.1078,616.4091
2019-01-01T20:37:05Z,10.4942,117.5491,706.758,617.3982
2019-01-01T20:38:04Z,10.5235,115.5473,706.9745,616.8073
2019-01-01T20:39:05Z,10.2606,125.0745,714.9076,620.2
2019-01-01T20:40:06Z,10.3057,120.9464,709.6246,616.6573
2019-01-01T20:41:06Z,10.3549,120.8318,708.3711,619.0327
2019-01-01T20:42:01Z,9.9946,130.8482,715.8634,623.0027
2019-01-01T20:43:01Z,10.6138,117.2409,718.581,625.1691
2019-01-01T20:44:07Z,10.1061,122.4673,714.7412,622.8718
2019-01-01T20:45:08Z,10.6948,114.5627,718.149,626.1064
2019-01-01T20:46:09Z,10.3899,118.4155,705.3903,616.7473
2019-01-01T20:47:07Z,10.2965,122.1618,709.388,621.9336
2019-01-01T20:48:03Z,10.3717,118.9391,703.5893,620.04
2019-01-01T20:49:05Z,10.3797,122.4018,725.6197,633.5082
2019-01-01T20:50:05Z,10.7442,111.2827,716.8428,625.8164
2019-01-01T20:51:04Z,10.3031,125.6609,734.0626,640.1427
2019-01-01T20:52:03Z,10.3718,118.6927,705.2939,618.1809
2019-01-01T20:53:01Z,10.3573,123.15,710.9593,623.6309
2019-01-01T20:54:06Z,10.3356,122.4945,710.956,624.05
2019-01-01T20:55:07Z,10.3644,120.1318,706.861,620.7164
2019-01-01T20:56:01Z,10.7566,113.3482,714.2189,626.9182
2019-01-01T20:57:09Z,10.8522,110.6973,713.6715,620.9536
2019-01-01T20:58:06Z,10.3575,125.7255,711.1953,623.2618
2019-01-01T20:59:04Z,10.3261,122.1936,709.5909,620.5782
2019-01-01T21:00:10Z,10.4627,122.3336,729.7107,639.29
2019-01-01T21:01:05Z,10.6292,110.39,686.865,606.72
2019-01-01T21:02:08Z,10.093,124.32,708.1514,619.3036
2019-01-01T21:03:04Z,10.2864,122.9382,710.657,621.0973
2019-01-01T21:04:05Z,10.3348,121.4027,713.0818,624.0073
2019-01-01T21:05:05Z,10.4437,117.3655,704.3525,613.5473
2019-01-01T21:06:08Z,10.0503,132.9364,718.174,623.7427
2019-01-01T21:07:01Z,10.0745,123.9155,708.0724,622.6336
2019-01-01T21:08:04Z,10.7345,111.9473,711.4292,624.2064
2019-01-01T21:09:08Z,10.3468,119.9918,723.2816,632.8627
2019-01-01T21:10:08Z,10.3544,119.8982,721.8035,632.1709
2019-01-01T21:11:04Z,10.0777,124.0173,725.8622,636.2818
2019-01-01T21:12:07Z,10.6626,116.3027,715.0936,625.6055
2019-01-01T21:13:03Z,10.1335,127.6745,710.7552,621.1345
2019-01-01T21:14:08Z,10.2462,123.12,714.9086,622.54
2019-01-01T21:15:02Z,10.3239,120.6855,729.1496,634.9482
2019-01-01T21:16:07Z,10.2505,121.1827,713.5612,623.9273
2019-01-01T21:17:10Z,10.1129,129.0145,712.773,622.6782
2019-01-01T21:18:10Z,10.2609,124.1945,707.6629,618.9518
2019-01-01T21:19:05Z,10.7259,112.6627,713.4829,622.76
2019-01-01T21:20:04Z,10.078,122.7482,710.6715,622.54
2019-01-01T21:21:08Z,10.2078,118.9191,702.7895,620.0609
2019-01-01T21:22:09Z,10.2937,117.0418,700.4878,615.6464
2019-01-01T21:23:02Z,10.475,122.0909,731.6452,639.7155
2019-01-01T21:24:04Z,10.3277,123.5855,707.9772,619.3227
2019-01-01T21:25:01Z,10.2781,120.9855,702.9703,619.0355
2019-01-01T21:26:09Z,10.0149,128.9936,714.3925,618.9009
2019-01-01T21:27:08Z,10.2044,120.4336,723.4847,636.1564
2019-01-01T21:28:06Z,9.5335,130.83,712.339,624.1291
2019-01-01T21:29:09Z,9.9142,125.8345,709.9682,622.2127
2019-01-01T21:30:05Z,10.164,125.8464,713.5793,624.47
2019-01-01T21:31:07Z,10.537,115.2627,701.294,613.0664
2019-01-01T21:32:09Z,10.2481,122.2064,703.4841,616.7591
2019-01-01T21:33:02Z,9.916,125.4209,708.6591,621.4527
2019-01-01T21:34:07Z,10.6202,117.81,720.4839,626.1973
2019-01-01T21:35:05Z,10.105,124.5355,709.3445,617.9236
2019-01-01T21:36:10Z,10.5021,114.7764,697.4403,615.6564
2019-01-01T21:37:06Z,10.3979,118.0873,700.7871,608.3682
2019-01-01T21:38:10Z,10.1662,123.6427,716.5015,623.3355
2019-01-01T21:39:10Z,9.9755,128.93,714.9872,624.05
2019-01-01T21:40:10Z,10.798,112.0227,714.0593,624.6227
2019-01-01T21:41:02Z,10.1419,122.9418,704.1442,616.3273
2019-01-01T21:42:03Z,10.6217,115.3009,716.8243,629.3464
2019-01-01T21:43:06Z,10.3915,113.8645,690.246,605.5527
2019-01-01T21:44:06Z,10.2926,122.85,712.7897,623.9527
2019-01-01T21:45:02Z,10.1285,129.1209,715.1296,624.63
2019-01-01T21:46:08Z,10.5063,118.1964,719.1921,633.1882
2019-01-01T21:47:06Z,10.1412,129.3255,714.633,617.2209
2019-01-01T21:48:07Z,10.1631,122.5964,710.814,622.4309
2019-01-01T21:49:09Z,10.0385,130.4936,714.2,622.9073
2019-01-01T21:50:04Z,10.678,113.5727,713.7936,626.2636
2019-01-01T21:51:03Z,10.0554,127.9045,712.2266,620.5091
2019-01-01T21:52:03Z,10.8043,111.2345,710.6636,624.8955
2019-01-01T21:53:08Z,10.2125,120.94,708.9464,619.5527
2019-01-01T21:54:01Z,10.4865,122.3855,726.656,640.7609
2019-01-01T21:55:05Z,9.987,131.5809,722.8024,627.2173
2019-01-01T21:56:01Z,10.3662,122.9182,715.0878,626.7445
2019-01-01T21:57:05Z,10.8515,111.0227,711.1754,620.0009
2019-01-01T21:58:03Z,10.6424,111.4364,695.1077,606.9809
2019-01-01T21:59:07Z,10.0517,130.2536,715.0682,621.8764
2019-01-01T22:00:03Z,10.0447,131.6045,723.703,626.9282
2019-01-01T22:01:05Z,10.3094,122.9818,708.3322,615.8764
2019-01-01T22:02:02Z,10.4905,117.0545,708.2137,622.4209
2019-01-01T22:03:01Z,10.0518,123.8018,707.7083,619.3336
2019-01-01T22:04:07Z,10.4343,119.2655,706.9983,617.1791
2019-01-01T22:05:04Z,10.3414,120.1473,710.5171,618.2573
2019-01-01T22:06:02Z,10.0443,122.2891,726.7723,639.8009
2019-01-01T22:07:02Z,10.616,115.2318,716.874,629.5382
2019-01-01T22:08:06Z,10.2318,122.9309,711.5344,625.4264
2019-01-01T22:09:08Z,10.4931,118.7009,722.9473,630.7955
2019-01-01T22:10:10Z,10.2439,119.4009,704.6032,617.6791
2019-01-01T22:11:06Z,10.8582,110.6818,710.1034,622.0664
2019-01-01T22:12:10Z,10.6468,115.1436,715.3502,628.8655
2019-01-01T22:13:02Z,10.2645,125.6964,732.1235,633.76
2019-01-01T22:14:09Z,10.1463,125.9345,711.4117,621.0336
2019-01-01T22:15:02Z,10.4763,121.9818,728.807,633.5745
2019-01-01T22:16:01Z,10.9435,107.5791,705.6344,615.1636
2019-01-01T22:17:08Z,10.2017,124.6791,720.4595,626.5918
2019-01-01T22:18:08Z,10.7581,111.31,714.5013,624.7473
2019-01-01T22:19:07Z,10.4333,117.5191,717.6708,629.0127
2019-01-01T22:20:04Z,10.4353,121.6536,728.3133,637.5445
2019-01-01T22:21:05Z,10.7051,114.1945,716.6228,625.2818
2019-01-01T22:22:07Z,10.2682,122.2891,709.613,620.1955
2019-01-01T22:23:06Z,10.7967,110.8445,712.9474,623.1273
2019-01-01T22:24:09Z,10.3048,121.6418,711.7206,625.9391
2019-01-01T22:25:05Z,10.7942,109.5782,710.9204,621.3927
2019-01-01T22:26:02Z,10.3081,121.8236,707.7129,617.4955
2019-01-01T22:27:02Z,10.5331,117.9036,719.4594,632.5664
2019-01-01T22:28:05Z,10.3244,124.7764,729.7639,633.9309
2019-01-01T22:29:08Z,10.1848,120.6718,703.0129,613.3409
2019-01-01T22:30:01Z,10.7325,111.3327,710.5604,621.0782
2019-01-01T22:31:09Z,10.3865,119.2245,707.1731,618.7664
2019-01-01T22:32:06Z,10.4915,121.9045,730.238,639.9518
2019-01-01T22:33:07Z,9.9535,121.5182,700.4671,612.7745
2019-01-01T22:34:06Z,10.4942,120.6982,720.9732,625.4127
2019-01-01T22:35:06Z,10.3879,122.7218,722.7467,631.8055
2019-01-01T22:36:04Z,10.2065,127.76,717.7274,629.5309
2019-01-01T22:37:04Z,10.4516,117.5136,723.5681,627.6455
2019-01-01T22:38:10Z,10.6889,110.8036,703.564,611.75
2019-01-01T22:39:05Z,10.0218,130.7382,716.947,621.8773
2019-01-01T22:40:07Z,10.3374,121.2909,711.0688,623.5491
2019-01-01T22:41:08Z,10.2464,123.3164,711.5886,621.6509
2019-01-01T22:42:10Z,10.2442,122.7582,708.1876,619.3
2019-01-01T22:43:03Z,10.0537,128.4473,714.4631,620.8
2019-01-01T22:44:05Z,10.5591,118.2936,719.9203,631.6264
2019-01-01T22:45:02Z,10.4413,116.5364,701.1712,612.6927
2019-01-01T22:46:04Z,10.4587,115.6836,699.3762,615.0727
2019-01-01T22:47:08Z,10.247,120.6655,708.8066,623.9545
2019-01-01T22:48:09Z,10.1973,127.2591,733.8182,634.0127
2019-01-01T22:49:09Z,10.4917,116.8609,709.5057,623.2873
2019-01-01T22:50:03Z,10.0705,125.7909,711.8206,621.4045
2019-01-01T22:51:01Z,10.389,120.3836,722.5133,629.6236
2019-01-01T22:52:03Z,10.4792,120.9436,723.03,630.4555
2019-01-01T22:53:03Z,10.1453,127.3173,709.9775,619.2464
2019-01-01T22:54:05Z,10.6377,116.3436,718.4424,625.4718
2019-01-01T22:55:07Z,10.2472,125.0755,714.0025,622.3745
2019-01-01T22:56:10Z,10.2997,124.4773,713.8949,621.8627
2019-01-01T22:57:05Z,10.2537,122.2809,723.1108,627.3545
2019-01-01T22:58:09Z,10.3864,119.3127,723.0848,632.2891
2019-01-01T22:59:09Z,9.8421,126.4073,710.7307,622.4309
2019-01-01T23:00:03Z,10.6786,112.7882,713.6094,623.8545
2019-01-01T23:01:01Z,10.6478,118.3709,717.8972,627.8827
2019-01-01T23:02:04Z,10.4306,117.8764,710.4725,623.3645
2019-01-01T23:03:09Z,10.5006,119.9318,721.4055,636.9027
2019-01-01T23:04:09Z,10.2145,126.8555,736.6702,643.4145
2019-01-01T23:05:03Z,10.5986,119.8736,723.6058,632.7845
2019-01-01T23:06:08Z,10.6944,117.46,729.0734,635.9918
2019-01-01T23:07:09Z,10.305,122.7173,707.3811,622.3555
2019-01-01T23:08:04Z,10.3478,122.3173,710.3226,624.9882
2019-01-01T23:09:07Z,10.3788,117.7491,704.709,616.2636
2019-01-01T23:10:08Z,10.3132,122.4855,722.19,626.8809
2019-01-01T23:11:03Z,10.1715,126.5855,643.9097,625.6436
2019-01-01T23:12:04Z,10.6963,117.7,718.3245,629.6345
2019-01-01T23:13:01Z,10.4128,117.4055,702.4047,612.7873
2019-01-01T23:14:08Z,9.8895,124.7782,713.3248,621.9682
2019-01-01T23:15:09Z,10.3752,121.0164,722.276,633.5555
2019-01-01T23:16:08Z,10.6879,114.7073,716.5311,630.9482
2019-01-01T23:17:10Z,10.6695,117.1164,717.2478,628.2445
2019-01-01T23:18:09Z,10.469,118.7527,721.7521,634.8427
2019-01-01T23:19:09Z,10.1775,120.1536,705.8607,617.8027
2019-01-01T23:20:01Z,10.3302,121.29,705.6748,616.0536
2019-01-01T23:21:02Z,10.6604,118.3909,725.9641,630.9555
2019-01-01T23:22:02Z,10.0545,125.2682,714.4198,626.1264
2019-01-01T23:23:02Z,10.2995,125.9882,728.2525,630.7845
2019-01-01T23:24:03Z,10.2212,130.7273,721.4869,628.0355
2019-01-01T23:25:09Z,10.6187,119.1564,729.8536,640.21
2019-01-01T23:26:02Z,10.5291,118.7436,720.748,632.8018
2019-01-01T23:27:05Z,10.3925,115.8473,702.2426,617.3664
2019-01-01T23:28:06Z,10.3058,118.7264,706.7928,625.0255
2019-01-01T23:29:09Z,10.2246,123.0118,707.8569,620.7191
2019-01-01T23:30:08Z,10.4855,122.4327,730.1391,635.57
2019-01-01T23:31:03Z,10.4386,119.0891,720.6508,631.9745
2019-01-01T23:32:05Z,10.4419,123.6391,723.9597,631.0236
2019-01-01T23:33:07Z,10.5512,120.3373,724.7002,634.8491
2019-01-01T23:34:02Z,10.2187,119.1591,701.7843,615.6482
2019-01-01T23:35:04Z,10.5245,119.8155,727.8143,638.6982
2019-01-01T23:36:05Z,10.3115,124.5791,732.8628,641.5455
2019-01-01T23:37:07Z,10.5665,117.4245,717.8843,631.1045
2019-01-01T23:38:03Z,10.5389,117.87,718.7817,630.3782
2019-01-01T23:39:10Z,10.2906,123.6845,726.1698,638.5545
2019-01-01T23:40:08Z,10.4915,119.3936,719.4468,631.22
2019-01-01T23:41:02Z,10.3873,118.2855,702.7612,609.4109
2019-01-01T23:42:04Z,10.6045,114.1327,715.6173,626.6846
2019-01-01T23:43:09Z,10.4104,119.2127,723.1234,628.8327
2019-01-01T23:44:08Z,10.5905,119.8873,727.7653,636.9709
2019-01-01T23:45:06Z,10.3959,118.3627,728.4144,637.8036
2019-01-01T23:46:04Z,10.2887,123.9936,707.4639,620.6291
2019-01-01T23:47:04Z,10.5732,120.3827,727.3838,633.2027
2019-01-01T23:48:06Z,10.6086,119.0482,721.0764,627.4809
2019-01-01T23:49:05Z,10.0862,124.3255,707.4191,619.2064
2019-01-01T23:50:09Z,10.6655,114.4527,718.4607,626.6209
2019-01-01T23:51:03Z,10.5932,115.9918,721.5122,632.0964
2019-01-01T23:52:05Z,10.2117,120.6736,704.9951,618.2173
2019-01-01T23:53:10Z,10.5752,118.2309,720.7115,630.7445
2019-01-01T23:54:06Z,10.1486,127.4918,713.487,624.2864
2019-01-01T23:55:05Z,10.3063,118.9609,703.2519,620.4827
2019-01-01T23:56:03Z,10.0548,125.4673,709.7321,619.9127
2019-01-01T23:57:02Z,10.2347,120.2427,701.2531,611.9545
2019-01-01T23:58:03Z,10.6173,115.0364,712.2393,618.9855
2019-01-01T23:59:06Z,10.2998,123.0982,725.5825,637.4973
2019-01-02T00:00:02Z,10.2825,122.9473,710.294,615.5673
2019-01-02T00:01:05Z,10.2773,121.1291,704.7755,616.0318
2019-01-02T00:02:07Z,10.3173,121.3409,709.2267,626.3536
2019-01-02T00:03:07Z,10.5788,115.85,716.1696,629.0191
2019-01-02T00:04:09Z,10.1635,127.7664,712.7517,615.7155
2019-01-02T00:05:03Z,10.6186,115.4791,716.1772,621.7055
2019-01-02T00:06:08Z,10.1575,124.2018,709.232,621.2727
2019-01-02T00:07:04Z,10.2815,120.4945,727.4179,638.4664
2019-01-02T00:08:09Z,10.1007,128.7136,713.3509,625.7445
2019-01-02T00:09:03Z,10.2444,127.2909,728.1462,636.0982
2019-01-02T00:10:09Z,10.0688,130.4009,714.4205,620.6609
2019-01-02T00:11:08Z,10.2194,121.1373,718.7584,629.1009
2019-01-02T00:12:02Z,11.0206,117.5609,632.4226,622.7364
2019-01-02T00:13:10Z,10.4215,120.3682,709.2016,622.9045
2019-01-02T00:14:04Z,10.3098,122.3309,714.4263,625.0464
2019-01-02T00:15:04Z,9.8969,121.6064,722.4,629.9736
2019-01-02T00:16:08Z,9.9356,125.9073,717.7934,629.3009
2019-01-02T00:17:07Z,9.9965,127.79,721.1,632.8809
2019-01-02T00:18:06Z,10.3166,117.9336,709.601,618.2773
2019-01-02T00:19:10Z,10.1028,124.0864,715.5119,627.1009
2019-01-02T00:20:01Z,10.3474,119.9118,720.5909,632.5291
2019-01-02T00:21:09Z,10.7714,110.9636,711.5116,622.44
2019-01-02T00:22:01Z,10.1041,124.8273,717.4752,622.0773
2019-01-02T00:23:03Z,10.0575,128.72,715.2258,622.5364
2019-01-02T00:24:07Z,10.4815,118.5727,719.1343,629.8845
2019-01-02T00:25:07Z,10.0451,126.2809,719.0953,623.7782
2019-01-02T00:26:01Z,9.4611,129.5555,715.3861,627.2182
2019-01-02T00:27:10Z,10.0384,125.4155,716.857,633.9655
2019-01-02T00:28:04Z,9.8927,126.7182,714.3947,628.3445
2019-01-02T00:29:09Z,10.0255,126.4155,718.1161,633.0791
2019-01-02T00:30:03Z,10.5277,119.0745,720.015,632.3918
2019-01-02T00:31:10Z,10.7039,115.0836,712.9036,624.4391
2019-01-02T00:32:08Z,10.361,120.6591,720.8212,633.7455
2019-01-02T00:33:08Z,10.3809,122.47,704.5497,616.7918
2019-01-02T00:34:06Z,9.943,124.8336,717.4112,632.2791
2019-01-02T00:35:03Z,10.0963,127.4618,710.5345,623.9082
2019-01-02T00:36:01Z,10.6192,118.0636,717.5894,626.1691
2019-01-02T00:37:06Z,9.8226,127.5727,720.8402,631.7491
2019-01-02T00:38:01Z,10.5007,120.6855,721.3558,632.2509
2019-01-02T00:39:03Z,9.9012,128.9545,717.1446,628.1964
2019-01-02T00:40:09Z,10.2153,120.7764,707.0747,622.6445
2019-01-02T00:41:10Z,10.9242,109.41,715.1634,629.2445
2019-01-02T00:42:07Z,10.5299,117.1373,715.2273,626.6827
2019-01-02T00:43:08Z,11.5887,135.43,651.0212,619.7964
2019-01-02T00:44:05Z,10.2231,121.8545,705.4103,623.1018
2019-01-02T00:45:02Z,10.7373,113.6418,719.5621,633.5282
2019-01-02T00:46:07Z,10.5896,117.8555,721.8133,628.9727
2019-01-02T00:47:07Z,10.3005,119.83,704.928,614.08
2019-01-02T00:48:10Z,9.9054,128.9509,720.5864,632.7255
2019-01-02T00:49:01Z,10.5659,116.2118,718.525,624
2019-01-02T00:50:04Z,10.4144,118.1664,721.8559,632.67
2019-01-02T00:51:04Z,10.5456,119.7027,722.2593,634.9736
2019-01-02T00:52:10Z,9.8552,124.8709,712.4409,629.7482
2019-01-02T00:53:03Z,9.9855,121.3655,700.6395,613.2673
2019-01-02T00:54:05Z,10.1449,121.7573,708.115,619.4945
2019-01-02T00:55:03Z,10.5956,117.0645,717.7564,628.9136
2019-01-02T00:56:08Z,10.6828,113.5209,712.5886,628.6264
2019-01-02T00:57:08Z,10.914,109.6973,708.2337,621.1582
2019-01-02T00:58:10Z,9.6825,120.8318,711.7036,632.8973
2019-01-02T00:59:05Z,10.0689,131.1755,720.2537,629.6727