{
  "botPrompts" : [ ],
  "compositeBagItems" : [ {
    "sequenceNr" : 1,
    "name" : "Topic",
    "fullName" : "Topic",
    "type" : "STRING",
    "errorMessage" : "The value for the Topic item is missing.",
    "multiValue" : false,
    "multiLingual" : false,
    "fuzzyMatch" : false,
    "outOfOrderExtraction" : "INTENT_UTTERANCE_ONLY",
    "promptForDisambiguation" : true,
    "label" : "Email Topic",
    "prompts" : [ {
      "sequenceNr" : 1,
      "text" : "What's this email about?",
      "type" : "DEFAULT"
    } ],
    "defaultEndDateToStartDate" : false,
    "strictBoundary" : false,
    "trackingId" : "044FBB42-A58D-4C40-9980-9D1087CFB6BF",
    "children" : null
  }, {
    "sequenceNr" : 2,
    "name" : "Opportunity",
    "fullName" : "Opportunity",
    "description" : "A list of businesses",
    "type" : "ENTITY",
    "entityName" : "Opportunity",
    "entityUsage" : {
      "type" : "NamedEntity",
      "name" : "Opportunity",
      "multiValue" : false,
      "fuzzyMatch" : false,
      "promptForDisambiguation" : true
    },
    "errorMessage" : "The value for the Opportunity item is missing",
    "multiValue" : false,
    "multiLingual" : false,
    "fuzzyMatch" : false,
    "outOfOrderExtraction" : "ALWAYS",
    "promptForDisambiguation" : true,
    "label" : "Opportunities",
    "prompts" : [ {
      "sequenceNr" : 1,
      "text" : "Which opportunity?",
      "type" : "DEFAULT"
    } ],
    "defaultEndDateToStartDate" : false,
    "strictBoundary" : false,
    "trackingId" : "0423AB3E-1D77-44CC-A83E-93D06AEE5C7D",
    "children" : null
  } ],
  "description" : "Provides the email topic and opportunity",
  "fuzzyMatch" : false,
  "multiValue" : false,
  "name" : "EmailDetails",
  "promptForDisambiguation" : true,
  "trackingId" : "7C3B5695-8E5A-46AD-92B3-791F015959B0",
  "type" : "COMPOSITEBAG",
  "validationRules" : [ ]
}